"category","url","file"
"data","https://framerusercontent.com/sites/5N5S0X2YH3WYNsWNmEIYna/searchIndex-EYvqYfG9hJcH.json","C:\Users\??\Desktop\???????\framer-assets\data\2c1996d9e5eaee11cb873b9ca4e3c89fd712689a.json"
"data","https://framerusercontent.com/sites/5N5S0X2YH3WYNsWNmEIYna/searchIndex-X6H3Avo3XBvH.json","C:\Users\??\Desktop\???????\framer-assets\data\65adb4bb82d92ca450254340539dd77ce0aa59de.json"
"fonts","https://framerusercontent.com/assets/05KsVHGDmqXSBXM4yRZ65P8i0s.woff2","C:\Users\??\Desktop\???????\framer-assets\fonts\aaed3c06be450a0a1a5b3d3c6976cb8d01a8b5d6.woff2"
"fonts","https://framerusercontent.com/assets/0E7IMbDzcGABpBwwqNEt60wU0w.woff2","C:\Users\??\Desktop\???????\framer-assets\fonts\2ffdfaac696a6c5e4a2fd6246cf141b90b84d8bf.woff2"
"fonts","https://framerusercontent.com/assets/0iDmxkizU9goZoclqIqsV5rvETU.woff2","C:\Users\??\Desktop\???????\framer-assets\fonts\186744f87f6ead638eabb6b4a68dc55dd85a88c3.woff2"
"fonts","https://framerusercontent.com/assets/0SEEmmWc3vovhaai4RlRQSWRrz0.woff2","C:\Users\??\Desktop\???????\framer-assets\fonts\885b1ebe331b86fe2824e3143da721904a5363e1.woff2"
"fonts","https://framerusercontent.com/assets/1aaySnsnw0pKE2qUemKvHaM1tw.woff2","C:\Users\??\Desktop\???????\framer-assets\fonts\960271f5e647f594d085fff8d13201d35608479d.woff2"
"fonts","https://framerusercontent.com/assets/1K3W8DizY3v4emK8Mb08YHxTbs.woff2","C:\Users\??\Desktop\???????\framer-assets\fonts\be91894f01be09f673c1db5e9cc6f6a8028488f4.woff2"
"fonts","https://framerusercontent.com/assets/2A4Xx7CngadFGlVV4xrO06OBHY.woff2","C:\Users\??\Desktop\???????\framer-assets\fonts\be47bff5d1b525eef678b301ef051982bbf436e6.woff2"
"fonts","https://framerusercontent.com/assets/2BmSa4TZZvFKAZg2DydxTbvKlTU.woff2","C:\Users\??\Desktop\???????\framer-assets\fonts\fa79c063ee993569522871f21d907461575be196.woff2"
"fonts","https://framerusercontent.com/assets/2uIBiALfCHVpWbHqRMZutfT7giU.woff2","C:\Users\??\Desktop\???????\framer-assets\fonts\28506ddaf7ab40ef2315a411b946ec8285ed8f00.woff2"
"fonts","https://framerusercontent.com/assets/2yEyxokC6poTg3Uc5E2ogfVi6WE.woff2","C:\Users\??\Desktop\???????\framer-assets\fonts\f3a34a46a0b8e8910399832cbd756dde67e5a80e.woff2"
"fonts","https://framerusercontent.com/assets/3IqofWpyruZr7Qc3kaedPmw7o.woff2","C:\Users\??\Desktop\???????\framer-assets\fonts\d6ad2c57eeb80018577dafd32b07a23192542702.woff2"
"fonts","https://framerusercontent.com/assets/3on0VNjjmogkq1f9ziKFcrY72MI.woff2","C:\Users\??\Desktop\???????\framer-assets\fonts\5388037b5b0e94755dc23329d11c05b2aa40957e.woff2"
"fonts","https://framerusercontent.com/assets/3RO0kKTqHkJmvsJcJAr5at0.woff2","C:\Users\??\Desktop\???????\framer-assets\fonts\2a7dfbfbc154af6b8154fa3ebf8fccd805601a9f.woff2"
"fonts","https://framerusercontent.com/assets/3ZmXbBKToJifDV9gwcifVd1tEY.woff2","C:\Users\??\Desktop\???????\framer-assets\fonts\d49354010dbbe717e97224993f1b21aada1a7d9e.woff2"
"fonts","https://framerusercontent.com/assets/43sJ6MfOPh1LCJt46OvyDuSbA6o.woff2","C:\Users\??\Desktop\???????\framer-assets\fonts\8e7d41d9470af589902ec0d4ab2d317908d0a142.woff2"
"fonts","https://framerusercontent.com/assets/4hBRAuM02i3fsxYDzyNvt5Az2so.woff2","C:\Users\??\Desktop\???????\framer-assets\fonts\aea93f4bcc96b2dff93c7c013b2d14297c1102ab.woff2"
"fonts","https://framerusercontent.com/assets/4hhgqiTCDCCa8WhFmTB7QXODupk.woff2","C:\Users\??\Desktop\???????\framer-assets\fonts\4abac03000feb5c4eacc52d80646724075cdba50.woff2"
"fonts","https://framerusercontent.com/assets/4oIO9fB59bn3cKFWz7piCj28z9s.woff2","C:\Users\??\Desktop\???????\framer-assets\fonts\f34cdbe1fbb2a089138a04eee4a3747617ccaec0.woff2"
"fonts","https://framerusercontent.com/assets/4RAEQdEOrcnDkhHiiCbJOw92Lk.woff2","C:\Users\??\Desktop\???????\framer-assets\fonts\3be39f5de46f428cca4871292c14d4feaa415617.woff2"
"fonts","https://framerusercontent.com/assets/5A3Ce6C9YYmCjpQx9M4inSaKU.woff2","C:\Users\??\Desktop\???????\framer-assets\fonts\94357736abb430bd4ab5d720183f2bd64d20eea0.woff2"
"fonts","https://framerusercontent.com/assets/5CcgcVyoWSqO1THBiISd6oCog.woff2","C:\Users\??\Desktop\???????\framer-assets\fonts\6ebc971628b34f5ede3715f33ad38c10bb4a7ab1.woff2"
"fonts","https://framerusercontent.com/assets/5HcVoGak8k5agFJSaKa4floXVu0.woff2","C:\Users\??\Desktop\???????\framer-assets\fonts\bc2a9ceee87fd2bd4220b26efc2e4d92bbe25421.woff2"
"fonts","https://framerusercontent.com/assets/5u1LyW8isA2RA3QfYvCc6TVeGSU.woff2","C:\Users\??\Desktop\???????\framer-assets\fonts\7fd67c14f59d62b9f6b415d65ffe9375ade2646c.woff2"
"fonts","https://framerusercontent.com/assets/5vvr9Vy74if2I6bQbJvbw7SY1pQ.woff2","C:\Users\??\Desktop\???????\framer-assets\fonts\197dd743787c17b17fe05edde6256b8e7b21c7c3.woff2"
"fonts","https://framerusercontent.com/assets/6dsy2CbviAWDcszGLlgyaLpRMk.woff2","C:\Users\??\Desktop\???????\framer-assets\fonts\f48831f333283d303a6597c2b814fc9912f649c0.woff2"
"fonts","https://framerusercontent.com/assets/6eYp9yIAUvPZY7o0yfI4e2OP6g.woff2","C:\Users\??\Desktop\???????\framer-assets\fonts\cfea620ee97e9b64e6f3d410ed250b6b1bba7cad.woff2"
"fonts","https://framerusercontent.com/assets/6FI2EneKzM3qBy5foOZXey7coCA.woff2","C:\Users\??\Desktop\???????\framer-assets\fonts\88e3ebffd7c21dc2e563c016fac3cf774731aaca.woff2"
"fonts","https://framerusercontent.com/assets/6mJuEAguuIuMog10gGvH5d3cl8.woff2","C:\Users\??\Desktop\???????\framer-assets\fonts\d672e61ee3bb857e1ad9e10439cb0e6ace7e699c.woff2"
"fonts","https://framerusercontent.com/assets/6OdIurwS6YHsVW2i5fR5CKn0gg.woff2","C:\Users\??\Desktop\???????\framer-assets\fonts\a661cf8dd98f54b72ceff1be252ac2a866129d6d.woff2"
"fonts","https://framerusercontent.com/assets/6ZMhcggRFfEfbf7lncCpaUbA.woff2","C:\Users\??\Desktop\???????\framer-assets\fonts\7af8ac8bb88fd54bcd14289ace295cd2632db17f.woff2"
"fonts","https://framerusercontent.com/assets/7b925B3vAlG2atcrbV7LoSudp7c.woff2","C:\Users\??\Desktop\???????\framer-assets\fonts\a829b9fbe6033e4a8b0fe363dda4f414efb2b1b5.woff2"
"fonts","https://framerusercontent.com/assets/7lw0VWkeXrGYJT05oB3DsFy8BaY.woff2","C:\Users\??\Desktop\???????\framer-assets\fonts\b517f9feb3fcbc2a0493f48f2ecb9292e74002f7.woff2"
"fonts","https://framerusercontent.com/assets/7pScaNeb6M7n2HF2jKemDqzCIr4.woff2","C:\Users\??\Desktop\???????\framer-assets\fonts\de33a77162970801fbe26ed9e1037b3a6ed12894.woff2"
"fonts","https://framerusercontent.com/assets/867QObYax8ANsfX4TGEVU9YiCM.woff2","C:\Users\??\Desktop\???????\framer-assets\fonts\1a94ddb4e1dbe10ed65167d268027d292441b984.woff2"
"fonts","https://framerusercontent.com/assets/8AYN209PzikkmqPEbOGJlpgu6M.woff2","C:\Users\??\Desktop\???????\framer-assets\fonts\fe8ac46e1d1b56cf57127d41b898b505234787c7.woff2"
"fonts","https://framerusercontent.com/assets/8dxmIktsyEgZt0OloSu5gz6TgLI.woff2","C:\Users\??\Desktop\???????\framer-assets\fonts\0612ffbc9fb842b39564b8751b1fc0c64320c2f9.woff2"
"fonts","https://framerusercontent.com/assets/8E92vrr3j1gDqzepmeSbD2u0JxA.woff2","C:\Users\??\Desktop\???????\framer-assets\fonts\9a707b94d2e6b295d66ddcef6a62acb5487dd35d.woff2"
"fonts","https://framerusercontent.com/assets/8exwVHJy2DhJ4N5prYlVMrEKmQ.woff2","C:\Users\??\Desktop\???????\framer-assets\fonts\273026e99103dc8253881f0cc7cc079df7efa611.woff2"
"fonts","https://framerusercontent.com/assets/8kSLqTnVCEtjx0nu8PxTD4Nh5UU.woff2","C:\Users\??\Desktop\???????\framer-assets\fonts\6123f83f52bbb121afdbc69ee18727080c6ec355.woff2"
"fonts","https://framerusercontent.com/assets/8mwKwShtYEXIZ5diRBT74yn9jdQ.woff2","C:\Users\??\Desktop\???????\framer-assets\fonts\4276b86dcb556b16cdc983e5a6c8d2e6406551df.woff2"
"fonts","https://framerusercontent.com/assets/8sCN6PGUr4I8q5hC5twAXfcwqV0.woff2","C:\Users\??\Desktop\???????\framer-assets\fonts\abfa8a1795fc0d4d8991b4937f16482b85bf761e.woff2"
"fonts","https://framerusercontent.com/assets/996sR9SfSDuYELz8oHhDOcErkY.woff2","C:\Users\??\Desktop\???????\framer-assets\fonts\3537dcd61422015d8ff963faed6947e30a57070f.woff2"
"fonts","https://framerusercontent.com/assets/9iRSYClnXA0RMygyIn6yjjWXJw.woff2","C:\Users\??\Desktop\???????\framer-assets\fonts\2d31591f328216497a82e2472aec5b53d52627d7.woff2"
"fonts","https://framerusercontent.com/assets/9Nu9BRcGkRrLnJCGqVdSUXJt2Ig.woff2","C:\Users\??\Desktop\???????\framer-assets\fonts\0af4310e3d866b7146231e18a7b0fd64ff16eb99.woff2"
"fonts","https://framerusercontent.com/assets/9WZaFuMg9OiQ7an8bugAJkUG04.woff2","C:\Users\??\Desktop\???????\framer-assets\fonts\468447e1c3c56e65aa7ce179785040a2e4f8bc45.woff2"
"fonts","https://framerusercontent.com/assets/A0Wcc7NgXMjUuFdquHDrIZpzZw0.woff2","C:\Users\??\Desktop\???????\framer-assets\fonts\619644a6a41d2bbb53a6c7bfe99f92f5c2b92b93.woff2"
"fonts","https://framerusercontent.com/assets/A5P4nkYCJlLQxGxaS1lzG8PNSc.woff2","C:\Users\??\Desktop\???????\framer-assets\fonts\8f353f2f1a8fddd710c11c64ada923e8b9cd89d7.woff2"
"fonts","https://framerusercontent.com/assets/aqiiD4LUKkKzXdjGL5UzHq8bo5w.woff2","C:\Users\??\Desktop\???????\framer-assets\fonts\47c7baa3f7616162fc57999d8662dc7456f03d6e.woff2"
"fonts","https://framerusercontent.com/assets/aUYDUTztS7anQw5JuwCncXeLOBY.woff2","C:\Users\??\Desktop\???????\framer-assets\fonts\ffaff4c92348e4c5700437af7b63839276e53fe9.woff2"
"fonts","https://framerusercontent.com/assets/b6Y37FthZeALduNqHicBT6FutY.woff2","C:\Users\??\Desktop\???????\framer-assets\fonts\22b5f26fb6344f6d7b6c99a6d6493905df184eb8.woff2"
"fonts","https://framerusercontent.com/assets/b8ezwLrN7h2AUoPEENcsTMVJ0.woff2","C:\Users\??\Desktop\???????\framer-assets\fonts\47619b842254222a340094e1873ef887d6a9e853.woff2"
"fonts","https://framerusercontent.com/assets/bHYNJqzTyl2lqvmMiRRS6Y16Es.woff2","C:\Users\??\Desktop\???????\framer-assets\fonts\5e3fa6db3c7217526fbba1dc9928f8486c39e21e.woff2"
"fonts","https://framerusercontent.com/assets/biaVHhOprxbHaR3dIP7Z8cYurHg.woff2","C:\Users\??\Desktop\???????\framer-assets\fonts\5b1424ba5f0483b007a2a82147bfbb37b0eda1f6.woff2"
"fonts","https://framerusercontent.com/assets/bIwBTbnyeAOa9wQIBagEdRDHXhE.woff2","C:\Users\??\Desktop\???????\framer-assets\fonts\44e452b8caeb63fcb1aca3d92ffd513d6539aade.woff2"
"fonts","https://framerusercontent.com/assets/BkDpl4ghaqvMi1btKFyG2tdbec.woff2","C:\Users\??\Desktop\???????\framer-assets\fonts\a30bf0bd24e0ca5ef80869063837e4c06fdd9445.woff2"
"fonts","https://framerusercontent.com/assets/bNYh7lNMEpOegeRYAtyGel1WqBE.woff2","C:\Users\??\Desktop\???????\framer-assets\fonts\dfbf0ec9041b990c2aea32148e7a3146c7f4a08a.woff2"
"fonts","https://framerusercontent.com/assets/Bo5CNzBv77CafbxOtKIkpw9egw.woff2","C:\Users\??\Desktop\???????\framer-assets\fonts\7d69d70e3ff31b178990de510b4f7256d1a6c2da.woff2"
"fonts","https://framerusercontent.com/assets/cdAe8hgZ1cMyLu9g005pAW3xMo.woff2","C:\Users\??\Desktop\???????\framer-assets\fonts\b3ddf3f2cc6847f1a26f9c4ec38df14fd7b88f14.woff2"
"fonts","https://framerusercontent.com/assets/CfMzU8w2e7tHgF4T4rATMPuWosA.woff2","C:\Users\??\Desktop\???????\framer-assets\fonts\fb0edde26100bab3294061ec111322c38447310f.woff2"
"fonts","https://framerusercontent.com/assets/CnMzVKZxLPB68RITfNGUfLe65m4.woff2","C:\Users\??\Desktop\???????\framer-assets\fonts\62f732522b8e5cdae1247a66dae8bcacf433e9de.woff2"
"fonts","https://framerusercontent.com/assets/cRJyLNuTJR5jbyKzGi33wU9cqIQ.woff2","C:\Users\??\Desktop\???????\framer-assets\fonts\44c62d91b0161abaf0412008c65ad4842416fba7.woff2"
"fonts","https://framerusercontent.com/assets/cugnVhSraaRyANCaUtI5FV17wk.woff2","C:\Users\??\Desktop\???????\framer-assets\fonts\146bdc56fabab18543cee17cdb56dbd1a5be0447.woff2"
"fonts","https://framerusercontent.com/assets/DF7bjCRmStYPqSb945lAlMfCCVQ.woff2","C:\Users\??\Desktop\???????\framer-assets\fonts\31b9b1d61473ffd9ec8f43d1fec4628e54d2f7c1.woff2"
"fonts","https://framerusercontent.com/assets/DgDysCLt0HkIpWMu2uN5tivgQ.woff2","C:\Users\??\Desktop\???????\framer-assets\fonts\8fce51777e78485ab4e072e3371bf5a6269bb661.woff2"
"fonts","https://framerusercontent.com/assets/dkR8k5Cze1rY2rQWCcFiLvNxm8M.woff2","C:\Users\??\Desktop\???????\framer-assets\fonts\5e8af6be8fd07d391ce7486b846db78579d3a014.woff2"
"fonts","https://framerusercontent.com/assets/DOfvtmE1UplCq161m6Hj8CSQYg.woff2","C:\Users\??\Desktop\???????\framer-assets\fonts\90f4958b2feaed7a7d7de34224b77f400fc3ecf2.woff2"
"fonts","https://framerusercontent.com/assets/DolVirEGb34pEXEp8t8FQBSK4.woff2","C:\Users\??\Desktop\???????\framer-assets\fonts\0c3a17ff05cfe4476144f9d040a75007b79fcfa5.woff2"
"fonts","https://framerusercontent.com/assets/DpPBYI0sL4fYLgAkX8KXOPVt7c.woff2","C:\Users\??\Desktop\???????\framer-assets\fonts\9f76c3a5f7caf6436862be21ba59667f5388016a.woff2"
"fonts","https://framerusercontent.com/assets/DtVQjTG8OGGKnwKYrMHRZVCyo.woff2","C:\Users\??\Desktop\???????\framer-assets\fonts\5f192b37613dfa5f2d978ceaad812f0c821ff89a.woff2"
"fonts","https://framerusercontent.com/assets/DuYGXsyDXsSnxlZ8qzmcA4x3JiI.woff2","C:\Users\??\Desktop\???????\framer-assets\fonts\10828edeb7430aa0b90a8f4f0023700ca50bdf1f.woff2"
"fonts","https://framerusercontent.com/assets/dWFiPjtJpfcxAIDV8RPyuCq04.woff2","C:\Users\??\Desktop\???????\framer-assets\fonts\e6ab3e14eb61c3701ca20f929f3a14607f32b3ab.woff2"
"fonts","https://framerusercontent.com/assets/DYHjxG0qXjopUuruoacfl5SA.woff2","C:\Users\??\Desktop\???????\framer-assets\fonts\c82451a871cff27fdd098f442b7ff7b9d00ce811.woff2"
"fonts","https://framerusercontent.com/assets/e3ySEnhUUpItjJUo5buJawUl4Y.woff2","C:\Users\??\Desktop\???????\framer-assets\fonts\1cf74da5458675e04015e5471c314511fb584a46.woff2"
"fonts","https://framerusercontent.com/assets/e97VFGU1js4GGgvQCnvIiHpRf0.woff2","C:\Users\??\Desktop\???????\framer-assets\fonts\01611b0ebbe1bc674615d462052095e6e2040b45.woff2"
"fonts","https://framerusercontent.com/assets/eDNmF3DmGWYDX8NrhNZOl1SDyQ.woff2","C:\Users\??\Desktop\???????\framer-assets\fonts\e8f4568eaef98cf36d8ce7b83fd268b63a94040d.woff2"
"fonts","https://framerusercontent.com/assets/efTfQcBJ53kM2pB1hezSZ3RDUFs.woff2","C:\Users\??\Desktop\???????\framer-assets\fonts\eb965eb5ff78fee41131c5b53ffad497d4c77af8.woff2"
"fonts","https://framerusercontent.com/assets/eIZyQwIlHYR0mnMSneEDMtqBPgw.woff2","C:\Users\??\Desktop\???????\framer-assets\fonts\e7a4877e9a9239d22463f3e3c0023fd2736848c9.woff2"
"fonts","https://framerusercontent.com/assets/EL4v8OG6t2XwHSJLO1YF25DNiDw.woff2","C:\Users\??\Desktop\???????\framer-assets\fonts\e816fe08707ce087bd6b2a62a0f8ca693f33232f.woff2"
"fonts","https://framerusercontent.com/assets/EOr0mi4hNtlgWNn9if640EZzXCo.woff2","C:\Users\??\Desktop\???????\framer-assets\fonts\f3fd018548abafb16ed7bc7fda610d5715e2f6aa.woff2"
"fonts","https://framerusercontent.com/assets/eOWZqb2nQ1SLbtYmcGBFYFSOE5U.woff2","C:\Users\??\Desktop\???????\framer-assets\fonts\2e721676a26f39100417a6fc98c4b7d145f55917.woff2"
"fonts","https://framerusercontent.com/assets/ePuN3mCjzajIHnyCdvKBFiZkyY0.woff2","C:\Users\??\Desktop\???????\framer-assets\fonts\fc52e8236f8dc21b214ca129f79c1d42a9a7575e.woff2"
"fonts","https://framerusercontent.com/assets/EZSFVoaPWKnZ6GuVk5dlS5pk.woff2","C:\Users\??\Desktop\???????\framer-assets\fonts\f078714035b93403342c3a0d2e0d420b1a61884c.woff2"
"fonts","https://framerusercontent.com/assets/f2kclCrwmFV8YeznrosrT3kcjE.woff2","C:\Users\??\Desktop\???????\framer-assets\fonts\63204b3dd26077d9fd9b8dd39030ff03ed566d16.woff2"
"fonts","https://framerusercontent.com/assets/F3kdpd2N0cToWV5huaZjjgM.woff2","C:\Users\??\Desktop\???????\framer-assets\fonts\29981c07359f7ee6083dffb5e4d72c5027e5f12d.woff2"
"fonts","https://framerusercontent.com/assets/F5Lmfd3fCAu7TwiYbI4DLWw4ks.woff2","C:\Users\??\Desktop\???????\framer-assets\fonts\0eb7f853a2267d214ea544dae3f70d93add8802f.woff2"
"fonts","https://framerusercontent.com/assets/FBzcXZYmdulcZC0z278U6o0cw.woff2","C:\Users\??\Desktop\???????\framer-assets\fonts\547666a10e04ff867923367daf4ff3e565a12452.woff2"
"fonts","https://framerusercontent.com/assets/fEqgEChcTaneQFxeugexHq7Bk.woff2","C:\Users\??\Desktop\???????\framer-assets\fonts\78b5a2b716984f22f5f3ed82d83e5d70b3bbc78a.woff2"
"fonts","https://framerusercontent.com/assets/fIabp4VN5z7iJ3lNOz9qfNeQHc.woff2","C:\Users\??\Desktop\???????\framer-assets\fonts\cea09228caaaa78f16e6af59c6ede66f65a70c55.woff2"
"fonts","https://framerusercontent.com/assets/FMAZXZOvzvP9daUF2pk7jeNQE.woff2","C:\Users\??\Desktop\???????\framer-assets\fonts\1d07ab13b7951380282cbfc2a221e7d78bc6ba37.woff2"
"fonts","https://framerusercontent.com/assets/fmXYBApyDC604dR7g2aaACGvCk.woff2","C:\Users\??\Desktop\???????\framer-assets\fonts\546768e74304130452cb3b7e2d19438414c28d85.woff2"
"fonts","https://framerusercontent.com/assets/FNfhX3dt4ChuLJq2PwdlxHO7PU.woff2","C:\Users\??\Desktop\???????\framer-assets\fonts\6c8a1019843e952c5bcf82c1c5e83219b40dfff7.woff2"
"fonts","https://framerusercontent.com/assets/ftN1HpyPVJEoEb4q36SOrNdLXU.woff2","C:\Users\??\Desktop\???????\framer-assets\fonts\f0a8c26ae9059e5704e681da69d1359e2edd4830.woff2"
"fonts","https://framerusercontent.com/assets/FuEG87bF2T2uEeI84KQYYAE9wA.woff2","C:\Users\??\Desktop\???????\framer-assets\fonts\217e22328ef6c6a61f4e6527d55d4d71462ad1dd.woff2"
"fonts","https://framerusercontent.com/assets/fuyXZpVvOjq8NesCOfgirHCWyg.woff2","C:\Users\??\Desktop\???????\framer-assets\fonts\e81c47b998b73340aab13b17a967e4d41dc42ef5.woff2"
"fonts","https://framerusercontent.com/assets/fWaKVy6hRB8Z8aBaXHMiFEvPILU.woff2","C:\Users\??\Desktop\???????\framer-assets\fonts\788c3824e8104eb4708d94dee1a494c1b3ba8599.woff2"
"fonts","https://framerusercontent.com/assets/fXvVh2JeZlehNcEhKHpHH0frSl0.woff2","C:\Users\??\Desktop\???????\framer-assets\fonts\33d118d18dcd856475e3de412d2707ec69a60cb1.woff2"
"fonts","https://framerusercontent.com/assets/fz1JbBffNGgK7BNUI1mmbFBlgA8.woff2","C:\Users\??\Desktop\???????\framer-assets\fonts\6552ccc11f6128c5cc0c37d0da88fa81d3b8a208.woff2"
"fonts","https://framerusercontent.com/assets/gawbeo7iEJSRZ4kcrh6YRrU8o.woff2","C:\Users\??\Desktop\???????\framer-assets\fonts\1f0e3d7e8f55eced3f813375bf66ef46d639d5b5.woff2"
"fonts","https://framerusercontent.com/assets/gazZKZuUEtvr9ULhdA4SprP0AZ0.woff2","C:\Users\??\Desktop\???????\framer-assets\fonts\67b0336a98099e1b6ed4c92e3b6c5eadcb126d76.woff2"
"fonts","https://framerusercontent.com/assets/gcnfba68tfm7qAyrWRCf9r34jg.woff2","C:\Users\??\Desktop\???????\framer-assets\fonts\443ebd64432f14be41e593f73214a7d85013c3ad.woff2"
"fonts","https://framerusercontent.com/assets/GdJ7SQjcmkU1sz7lk5lMpKUlKY.woff2","C:\Users\??\Desktop\???????\framer-assets\fonts\6522b81d4b548c8824c2dff710ec36a84449b231.woff2"
"fonts","https://framerusercontent.com/assets/GeFYhvsobZhw8u0Xza2zCmC8Cw.woff2","C:\Users\??\Desktop\???????\framer-assets\fonts\f4506d55b951b3a24af4c6c63e6c7660cbd65c5d.woff2"
"fonts","https://framerusercontent.com/assets/GIryZETIX4IFypco5pYZONKhJIo.woff2","C:\Users\??\Desktop\???????\framer-assets\fonts\bcff39a6db6d6a71e930e77fd7572bab7609285a.woff2"
"fonts","https://framerusercontent.com/assets/gLJVFeatQcrirAaS7jqVJIO4.woff2","C:\Users\??\Desktop\???????\framer-assets\fonts\4439df2c54ef052a44ad7df74aad6afa2234cab3.woff2"
"fonts","https://framerusercontent.com/assets/gNa011yWpVpNFgUhhSlDX8nUiPQ.woff2","C:\Users\??\Desktop\???????\framer-assets\fonts\30f3c5e88d9e5d51c45856a58acdb27b7e800308.woff2"
"fonts","https://framerusercontent.com/assets/GoWsxcsKZ1Hiy2Y8l40zBgNwYvo.woff2","C:\Users\??\Desktop\???????\framer-assets\fonts\eecb795f98214a50b5f10c34735ec77722ae440a.woff2"
"fonts","https://framerusercontent.com/assets/gQhNpS3tN86g8RcVKYUUaKt2oMQ.woff2","C:\Users\??\Desktop\???????\framer-assets\fonts\d5262035fd33cafb90d00e5e226ed44b9aca9580.woff2"
"fonts","https://framerusercontent.com/assets/GrgcKwrN6d3Uz8EwcLHZxwEfC4.woff2","C:\Users\??\Desktop\???????\framer-assets\fonts\d2835f64bac061e96e47a42e087b40c4ac422692.woff2"
"fonts","https://framerusercontent.com/assets/GSo3TkcX0SwmUNLnnUlsKhqgZI.woff2","C:\Users\??\Desktop\???????\framer-assets\fonts\bd452ec783a57c3b2461a3a1c1a1bec0e43051c2.woff2"
"fonts","https://framerusercontent.com/assets/H0Z3dXk6VFBv9TPQedY7FZVVVQ.woff2","C:\Users\??\Desktop\???????\framer-assets\fonts\1e2eaf1bf845165b60268d065b2810ba998f8ec2.woff2"
"fonts","https://framerusercontent.com/assets/H4TfENUY1rh8R9UaSD6vngjJP3M.woff2","C:\Users\??\Desktop\???????\framer-assets\fonts\62324df186bfa3fe453682e30781bd5d8ef27979.woff2"
"fonts","https://framerusercontent.com/assets/H89BbHkbHDzlxZzxi8uPzTsp90.woff2","C:\Users\??\Desktop\???????\framer-assets\fonts\e1fb1f6952b2dc0bb1f2904932bd2185501cf0b1.woff2"
"fonts","https://framerusercontent.com/assets/HTPyW5jOpXfwIja9CrgNJUDriY4.woff2","C:\Users\??\Desktop\???????\framer-assets\fonts\fd69c7d11522aa5f377990dd59329269250f602a.woff2"
"fonts","https://framerusercontent.com/assets/hyOgCu0Xnghbimh0pE8QTvtt2AU.woff2","C:\Users\??\Desktop\???????\framer-assets\fonts\58bbd52279055a987f5d13cb4b0507a154351de9.woff2"
"fonts","https://framerusercontent.com/assets/I11LrmuBDQZweplJ62KkVsklU5Y.woff2","C:\Users\??\Desktop\???????\framer-assets\fonts\83cfa4d719979df79b21ff60b52de53187bb8c1d.woff2"
"fonts","https://framerusercontent.com/assets/ia3uin3hQWqDrVloC1zEtYHWw.woff2","C:\Users\??\Desktop\???????\framer-assets\fonts\7342a84724f5f9dea8b848965755e782966c215a.woff2"
"fonts","https://framerusercontent.com/assets/IETjvc5qzUaRoaruDpPSwCUM8.woff2","C:\Users\??\Desktop\???????\framer-assets\fonts\4c7a8beba9370749d0cefa376e006db0ad36c193.woff2"
"fonts","https://framerusercontent.com/assets/if4nAQEfO1l3iBiurvlUSTaMA.woff2","C:\Users\??\Desktop\???????\framer-assets\fonts\1da682dd34b17a414227bbefb0848e8393b8f983.woff2"
"fonts","https://framerusercontent.com/assets/Ig8B8nzy11hzIWEIYnkg91sofjo.woff2","C:\Users\??\Desktop\???????\framer-assets\fonts\8f96f9a944831e0bd83c4d7ceb3a35d9d5ef5bae.woff2"
"fonts","https://framerusercontent.com/assets/Ii21jnSJkulBKsHHXKlapi7fv9w.woff2","C:\Users\??\Desktop\???????\framer-assets\fonts\49e0dcda0b5e87c09ac772ee703e9eb656238a33.woff2"
"fonts","https://framerusercontent.com/assets/iPDparXDXhfwSxmuiEXzr0b1vAU.woff2","C:\Users\??\Desktop\???????\framer-assets\fonts\e0217f0ceff86191605730f813462fbce8729ec9.woff2"
"fonts","https://framerusercontent.com/assets/IpeaX0WzLaonj68howNZg4SJJaY.woff2","C:\Users\??\Desktop\???????\framer-assets\fonts\79786bca91b3886e5d745c5b17eb0e6d3656be66.woff2"
"fonts","https://framerusercontent.com/assets/iwWTDc49ENF2tCHbqlNARXw6Ug.woff2","C:\Users\??\Desktop\???????\framer-assets\fonts\7d8cd10b6d5b94fb76f7cf3074c90cdb4e09c618.woff2"
"fonts","https://framerusercontent.com/assets/JAur4lGGSGRGyrFi59JSIKqVgU.woff2","C:\Users\??\Desktop\???????\framer-assets\fonts\a83d492021cc136ce6f0e7383a883ee032507e75.woff2"
"fonts","https://framerusercontent.com/assets/JEXmejW8mXOYMtt0hyRg811kHac.woff2","C:\Users\??\Desktop\???????\framer-assets\fonts\c2bfacca7c8a86c402dff9827d2f02cfb5190cb1.woff2"
"fonts","https://framerusercontent.com/assets/JeYwfuaPfZHQhEG8U5gtPDZ7WQ.woff2","C:\Users\??\Desktop\???????\framer-assets\fonts\418c934c0013e5e256b23517bcfee3f8185122a7.woff2"
"fonts","https://framerusercontent.com/assets/jplzYzqFHXreyADwk9yrkQlWQ.woff2","C:\Users\??\Desktop\???????\framer-assets\fonts\274d7179442a44aca2021905c4bfe1f1e10c5f72.woff2"
"fonts","https://framerusercontent.com/assets/JVGAsgKKXCCsDQ3MCrxIs5u1U.woff2","C:\Users\??\Desktop\???????\framer-assets\fonts\d05317fd8a9e5a61a0ebcec2ea5c96283dcab6aa.woff2"
"fonts","https://framerusercontent.com/assets/Kc2pkIGjh9K7EmlGx2sorKHcJDw.woff2","C:\Users\??\Desktop\???????\framer-assets\fonts\4c21386023c4e1a9e675c561b943be16bead25ab.woff2"
"fonts","https://framerusercontent.com/assets/KCj1bV3vDXY5OLHttTeRYcu9J8.woff2","C:\Users\??\Desktop\???????\framer-assets\fonts\c8f301729a2d26a8fae6da5bf962979df8d2ae0c.woff2"
"fonts","https://framerusercontent.com/assets/khkJkwSL66WFg8SX6Wa726c.woff2","C:\Users\??\Desktop\???????\framer-assets\fonts\99b8d9182f15fa9423963bbf197c0c31280e36a9.woff2"
"fonts","https://framerusercontent.com/assets/KKQXBq6BF0xEmVbrTnWxh3Yw.woff2","C:\Users\??\Desktop\???????\framer-assets\fonts\7b745ec842a205a1c55816c8911fbdd248dcbe10.woff2"
"fonts","https://framerusercontent.com/assets/KMFW46iYsEZaUBwXbwPc9nQm71o.woff2","C:\Users\??\Desktop\???????\framer-assets\fonts\8b65a6dc4185a0b2ce74b2b5163124d741de56a3.woff2"
"fonts","https://framerusercontent.com/assets/ky8ovPukK4dJ1Pxq74qGhOqCYI.woff2","C:\Users\??\Desktop\???????\framer-assets\fonts\7047bd4cd605e8f1c5dfd3253bd46bd68c0b0713.woff2"
"fonts","https://framerusercontent.com/assets/kZK78sVb0ChIxwI4EF00ArQvpu0.woff2","C:\Users\??\Desktop\???????\framer-assets\fonts\eaa7271753c2529adb35bb842bf921a96d16e4d9.woff2"
"fonts","https://framerusercontent.com/assets/l72nQILmlFUAK8OXlvJB8Qybl2M.woff2","C:\Users\??\Desktop\???????\framer-assets\fonts\4413d23547be4cb2aa69353773b95c8a81dbd0b9.woff2"
"fonts","https://framerusercontent.com/assets/L9nHaKi7ULzGWchEehsfwttxOwM.woff2","C:\Users\??\Desktop\???????\framer-assets\fonts\61152bad40f057b075664ab1e235e3cdb66f3800.woff2"
"fonts","https://framerusercontent.com/assets/lEJLP4R0yuCaMCjSXYHtJw72M.woff2","C:\Users\??\Desktop\???????\framer-assets\fonts\a8071e6b982b880ea9f964f6814a2116e75cc295.woff2"
"fonts","https://framerusercontent.com/assets/LfqxQLLXCFxnUuZS8fkv9AT0uI.woff2","C:\Users\??\Desktop\???????\framer-assets\fonts\7bb11778ebc82d96af8412beb1a65392f412da43.woff2"
"fonts","https://framerusercontent.com/assets/MaMAn5Jp5gJg1z3VaLH65QwWPLc.woff2","C:\Users\??\Desktop\???????\framer-assets\fonts\ebc569fa1848d5e3bfba89b6a2a75760ef5d971b.woff2"
"fonts","https://framerusercontent.com/assets/MF544SVCvk3yNpLIz3pwDXFZPKM.woff2","C:\Users\??\Desktop\???????\framer-assets\fonts\14a7e3866ddc76cda6144130fb6a4f5c781f4b8e.woff2"
"fonts","https://framerusercontent.com/assets/miJTzODdiyIr3tRo9KEoqXXk2PM.woff2","C:\Users\??\Desktop\???????\framer-assets\fonts\4ab3cf1b66c810eb5ca3f825a411f7c226021d8c.woff2"
"fonts","https://framerusercontent.com/assets/MJ3N6lfN4iP5Um8rJGqLYl03tE.woff2","C:\Users\??\Desktop\???????\framer-assets\fonts\e083460e5375be601dd97fdc2cc1a2c8c050b76d.woff2"
"fonts","https://framerusercontent.com/assets/mkY5Sgyq51ik0AMrSBwhm9DJg.woff2","C:\Users\??\Desktop\???????\framer-assets\fonts\494370e42c163e52ea925af3af1da939f0853bfb.woff2"
"fonts","https://framerusercontent.com/assets/mKzAiDvphQ1qAmJcRwlQ0QOK3Dc.woff2","C:\Users\??\Desktop\???????\framer-assets\fonts\317ca54faf2160f764c3fd0dc7a2a04295715792.woff2"
"fonts","https://framerusercontent.com/assets/Mput0MSwESKlJ6TMz9MPDXhgrk.woff2","C:\Users\??\Desktop\???????\framer-assets\fonts\8f040d71a515fd7e0b6322100ac2758b9a7b4bd9.woff2"
"fonts","https://framerusercontent.com/assets/MRDnh8epalyri0qENYQVaYkjNjA.woff2","C:\Users\??\Desktop\???????\framer-assets\fonts\62121fb79d715fe469d7e1200bdbcfd2897c5caa.woff2"
"fonts","https://framerusercontent.com/assets/MVhJhYeDWxeyqT939zMNyw9p8.woff2","C:\Users\??\Desktop\???????\framer-assets\fonts\ad2d59e8fb9ace2afa51aaa04486709ac9ee9e1b.woff2"
"fonts","https://framerusercontent.com/assets/mvNEIBLyHbscgHtwfsByjXUz3XY.woff2","C:\Users\??\Desktop\???????\framer-assets\fonts\0af6cca038004f817c05a490aa0eff1d0fd61e82.woff2"
"fonts","https://framerusercontent.com/assets/mYcqTSergLb16PdbJJQMl9ebYm4.woff2","C:\Users\??\Desktop\???????\framer-assets\fonts\df62cdc4893af7c2b0a796c68ccee74c76c02fe4.woff2"
"fonts","https://framerusercontent.com/assets/MzumQQZJQBC6KM1omtmwOtsogtI.woff2","C:\Users\??\Desktop\???????\framer-assets\fonts\d87cc1d236fc1b46ea495c7302c0acc8e305ff5d.woff2"
"fonts","https://framerusercontent.com/assets/N9O1YBTY0ROZrE0GiMsoMSyPbQ.woff2","C:\Users\??\Desktop\???????\framer-assets\fonts\29b32fea2faa4c6abd07545ee6fd46e521012a85.woff2"
"fonts","https://framerusercontent.com/assets/nE03Xxh2GngsU8hDpg6CRGxqfoM.woff2","C:\Users\??\Desktop\???????\framer-assets\fonts\94b2ad08916e65471e849fcb3b48aae03d0c4c72.woff2"
"fonts","https://framerusercontent.com/assets/NeGmSOXrPBfEFIy5YZeHq17LEDA.woff2","C:\Users\??\Desktop\???????\framer-assets\fonts\dbba5ba05c03efc0cb5aac90bfd1cf6731605068.woff2"
"fonts","https://framerusercontent.com/assets/NHHeAKJVP0ZWHk5YZnQQChIsBM.woff2","C:\Users\??\Desktop\???????\framer-assets\fonts\d7bab7a34bb732bf0db5f4cf0b2ff6be3229de16.woff2"
"fonts","https://framerusercontent.com/assets/nhSQpBRqFmXNUBY2p5SENQ8NplQ.woff2","C:\Users\??\Desktop\???????\framer-assets\fonts\828513fa090b83e3071cead20dc632fcd9f5eeec.woff2"
"fonts","https://framerusercontent.com/assets/nL7d8Ph0ViwUQorApF89PoAagQI.woff2","C:\Users\??\Desktop\???????\framer-assets\fonts\997a7c1be79fa2f3b4d1d0d657c723bc10d0ae63.woff2"
"fonts","https://framerusercontent.com/assets/NNTAT1XAm8ZRkr824inYPkjNeL4.woff2","C:\Users\??\Desktop\???????\framer-assets\fonts\570275d25dbcc847e0ca447c4789fb0f42e9ddf1.woff2"
"fonts","https://framerusercontent.com/assets/NTJ0nQgIF0gcDelS14zQ9NR9Q.woff2","C:\Users\??\Desktop\???????\framer-assets\fonts\48ac864786b24bda938b73cf4158830af1d08f14.woff2"
"fonts","https://framerusercontent.com/assets/NXxvFRoY5LDh3yCm7MEP2jqYk.woff2","C:\Users\??\Desktop\???????\framer-assets\fonts\c48c379980f8f79f108bf7400e06d5fe2c9f779f.woff2"
"fonts","https://framerusercontent.com/assets/oG51mTqVfF2JDETyCzOOIQOpzY.woff2","C:\Users\??\Desktop\???????\framer-assets\fonts\797df3b1fcbdaa7891d80eab789b141cb0978657.woff2"
"fonts","https://framerusercontent.com/assets/oJJMyJlDykMObEyb5VexHSxd24.woff2","C:\Users\??\Desktop\???????\framer-assets\fonts\56ebfd301182db51b6054efa92a5375c2533036c.woff2"
"fonts","https://framerusercontent.com/assets/oLCoaT3ioA0fHdJnWR9W6k7NY.woff2","C:\Users\??\Desktop\???????\framer-assets\fonts\6ee1ef16ef835a8e0606031f5afab20dbaad0117.woff2"
"fonts","https://framerusercontent.com/assets/otTaNuNpVK4RbdlT7zDDdKvQBA.woff2","C:\Users\??\Desktop\???????\framer-assets\fonts\c95a827796aa301dc7674f8572fc632905b0b726.woff2"
"fonts","https://framerusercontent.com/assets/OxW7bkxVYziGRnONbuXLAeuUEkQ.woff2","C:\Users\??\Desktop\???????\framer-assets\fonts\48b4f59e5a121d4817624fca0169c14c2edc5355.woff2"
"fonts","https://framerusercontent.com/assets/oYaAX5himiTPYuN8vLWnqBbfD2s.woff2","C:\Users\??\Desktop\???????\framer-assets\fonts\8a68bceee10e985d45078d66510839fa2c207a69.woff2"
"fonts","https://framerusercontent.com/assets/Oyn2ZbENFdnW7mt2Lzjk1h9Zb9k.woff2","C:\Users\??\Desktop\???????\framer-assets\fonts\4bca00b775ca0b915ae0d982d4b1ec2b02cc9306.woff2"
"fonts","https://framerusercontent.com/assets/OYrD2tBIBPvoJXiIHnLoOXnY9M.woff2","C:\Users\??\Desktop\???????\framer-assets\fonts\ea808fe7d65dd811142c50e072ead6554d745af4.woff2"
"fonts","https://framerusercontent.com/assets/P0JCAnd2N1Q6qwTQohre3XmQ.woff2","C:\Users\??\Desktop\???????\framer-assets\fonts\2015e3582822fd52643ddcc164872c748d8a41ad.woff2"
"fonts","https://framerusercontent.com/assets/P2Bw01CtL0b9wqygO0sSVogWbo.woff2","C:\Users\??\Desktop\???????\framer-assets\fonts\f6380e18defb79bd7da0f3e4767cbfc64f5999d5.woff2"
"fonts","https://framerusercontent.com/assets/P2qr9PAWBt905929rHfxmneMUG0.woff2","C:\Users\??\Desktop\???????\framer-assets\fonts\1342d4ca5a5450c7da78e62cd4991dad06e65f36.woff2"
"fonts","https://framerusercontent.com/assets/Pd8gNPn2dSCh4FyjWFw9PJysoQ.woff2","C:\Users\??\Desktop\???????\framer-assets\fonts\0f7d4579d994d61455d460aa06034fec68712e98.woff2"
"fonts","https://framerusercontent.com/assets/pe8RoujoPxuTZhqoNzYqHX2MXA.woff2","C:\Users\??\Desktop\???????\framer-assets\fonts\39e69b14df98cffc1d424db907d65aeed9ca3e9a.woff2"
"fonts","https://framerusercontent.com/assets/PfdOpgzFf7N2Uye9JX7xRKYTgSc.woff2","C:\Users\??\Desktop\???????\framer-assets\fonts\f96b1a5d16ec939aefc43d523423aecfd13bb465.woff2"
"fonts","https://framerusercontent.com/assets/pFve2DToKu0uyKsWs4NBTHpK7Vc.woff2","C:\Users\??\Desktop\???????\framer-assets\fonts\77fd83ad99daff89774c8878ec10a4d1706e8b1d.woff2"
"fonts","https://framerusercontent.com/assets/PjAOIKsdFTryeYPWcKg4xHgWCTI.woff2","C:\Users\??\Desktop\???????\framer-assets\fonts\cfa40228dacba1e96de7a39a1feba9391b59fe8a.woff2"
"fonts","https://framerusercontent.com/assets/pKRFNWFoZl77qYCAIp84lN1h944.woff2","C:\Users\??\Desktop\???????\framer-assets\fonts\c55f5a8ab7ab5f7e2f4c61858113de604c7f0846.woff2"
"fonts","https://framerusercontent.com/assets/PONfPc6h4EPYwJliXQBmjVx7QxI.woff2","C:\Users\??\Desktop\???????\framer-assets\fonts\22d16d766faf1e04f4826100b107896086933629.woff2"
"fonts","https://framerusercontent.com/assets/qctQFoJqJ9aIbRSIp0AhCQpFxn8.woff2","C:\Users\??\Desktop\???????\framer-assets\fonts\7436d8d0e2f67a80e7c2652efd3bcd1156676783.woff2"
"fonts","https://framerusercontent.com/assets/qITWJ2WdG0wrgQPDb8lvnYnTXDg.woff2","C:\Users\??\Desktop\???????\framer-assets\fonts\b12af1963ff7fb21cd8805eafa14f915b53ad169.woff2"
"fonts","https://framerusercontent.com/assets/Qpek1Wzh1dJ3f8j88Vebg4yC92w.woff2","C:\Users\??\Desktop\???????\framer-assets\fonts\8e2f4f5982b445f21af4bdc23e120afe7744665f.woff2"
"fonts","https://framerusercontent.com/assets/qQHxgTnEk6Czu1yW4xS82HQWFOk.woff2","C:\Users\??\Desktop\???????\framer-assets\fonts\42c482881d0fd0051a9800ed6762ecfdf851101b.woff2"
"fonts","https://framerusercontent.com/assets/QrcNhgEPfRl0LS8qz5Ln8olanl8.woff2","C:\Users\??\Desktop\???????\framer-assets\fonts\e1611c945aa11d29e5bbde83a29bbaa688f42b32.woff2"
"fonts","https://framerusercontent.com/assets/qS4UjQYyATcVV9rODk0Zx9KhkY8.woff2","C:\Users\??\Desktop\???????\framer-assets\fonts\2a6851cf544576e4db622e2b7e297e429270778e.woff2"
"fonts","https://framerusercontent.com/assets/QTKFuIAPTQlFFMI0HG9beHs3Xc.woff2","C:\Users\??\Desktop\???????\framer-assets\fonts\a2ed5aa054bd8b02290bd5fdba4845bec125036d.woff2"
"fonts","https://framerusercontent.com/assets/Qx95Xyt0Ka3SGhinnbXIGpEIyP4.woff2","C:\Users\??\Desktop\???????\framer-assets\fonts\96126f2d71c7ff3aae6c7629da4cdacfb2534c9a.woff2"
"fonts","https://framerusercontent.com/assets/r0mv3NegmA0akcQsNFotG32Las.woff2","C:\Users\??\Desktop\???????\framer-assets\fonts\e62aee2409f4ac4945f3583132f200c9cac1d3ac.woff2"
"fonts","https://framerusercontent.com/assets/raPlI8zqlyoXu4yBGiiecGg2dI.woff2","C:\Users\??\Desktop\???????\framer-assets\fonts\57de096ffae9302f0b5596267ce67578ef5fe862.woff2"
"fonts","https://framerusercontent.com/assets/RDJfWXA0aFdpD2OO2AJLBh2Z7E.woff2","C:\Users\??\Desktop\???????\framer-assets\fonts\779e79f931202b8f0bac239a4bb6e5a01adc6345.woff2"
"fonts","https://framerusercontent.com/assets/RJeJJARdrtNUtic58kOz7hIgBuE.woff2","C:\Users\??\Desktop\???????\framer-assets\fonts\0b0fb012af699dbf233a2f0652948cc7786f4d2c.woff2"
"fonts","https://framerusercontent.com/assets/RkMAGv2iAm3rw7tZzs7FaZf0rM.woff2","C:\Users\??\Desktop\???????\framer-assets\fonts\6c00c30b608fd8f03449ba145713c4bf3e86db9e.woff2"
"fonts","https://framerusercontent.com/assets/rZ5DdENNqIdFTIyQQiP5isO7M.woff2","C:\Users\??\Desktop\???????\framer-assets\fonts\6fb1254aa26306552615399701429bad599e7c2f.woff2"
"fonts","https://framerusercontent.com/assets/s7NH6sl7w4NU984r5hcmo1tPSYo.woff2","C:\Users\??\Desktop\???????\framer-assets\fonts\3e0d57825143757856542ba5e00dc731b1cac196.woff2"
"fonts","https://framerusercontent.com/assets/SDel4nEmK9AyiBktaYZfYI9DrY.woff2","C:\Users\??\Desktop\???????\framer-assets\fonts\f5597937455a93bb0776d877aedf639f7034c3eb.woff2"
"fonts","https://framerusercontent.com/assets/Sj0PCHQSBjFmEp6NBWg6FNaKc.woff2","C:\Users\??\Desktop\???????\framer-assets\fonts\2f8d03330bd3986de7a73d69942664162f520f95.woff2"
"fonts","https://framerusercontent.com/assets/sMud1BrfhejzYfhsGoUtjWdRb90.woff2","C:\Users\??\Desktop\???????\framer-assets\fonts\eb9d4bfb7752365cbfbf6f9f5606eba2a972e9b0.woff2"
"fonts","https://framerusercontent.com/assets/sOA6LVskcCqlqggyjIZe0Zh39UQ.woff2","C:\Users\??\Desktop\???????\framer-assets\fonts\2ffe51237d7e476eb95a73a7f16dfcc4551548f8.woff2"
"fonts","https://framerusercontent.com/assets/sQxGYWDlRkDr0eOKqiNRl6g5rs.woff2","C:\Users\??\Desktop\???????\framer-assets\fonts\a1e3ec94b273828edc3b621534b44a6b549e771a.woff2"
"fonts","https://framerusercontent.com/assets/sSIKP2TfVPvfK7YVENPE5H87A.woff2","C:\Users\??\Desktop\???????\framer-assets\fonts\a6520fe0e6ec1dfba7b34ff221612214e1ceb519.woff2"
"fonts","https://framerusercontent.com/assets/syRNPWzAMIrcJ3wIlPIP43KjQs.woff2","C:\Users\??\Desktop\???????\framer-assets\fonts\452fe1601f59f9e07fc1010b707b9de4fd3c63f2.woff2"
"fonts","https://framerusercontent.com/assets/syX0favWwGMDkTs34aSUJp2FDg.woff2","C:\Users\??\Desktop\???????\framer-assets\fonts\3ef9c87748292ee10774a6a1a0d790e4f5b57f14.woff2"
"fonts","https://framerusercontent.com/assets/t5RNiwIqoB2GvYhcdv6NPQF6kfk.woff2","C:\Users\??\Desktop\???????\framer-assets\fonts\ae2ceec5ae48d65ae99535a5fefb98de461d1469.woff2"
"fonts","https://framerusercontent.com/assets/teGhWnhH3bCqefKGsIsqFy3hK8.woff2","C:\Users\??\Desktop\???????\framer-assets\fonts\327e1442b545d8c85b2386ec9c39be5d271866bb.woff2"
"fonts","https://framerusercontent.com/assets/TfzHIi6ZmZDuhnIFGcgM6Ipuim4.woff2","C:\Users\??\Desktop\???????\framer-assets\fonts\7773fe3b205ee5e1683d02a78d03474c37ea503c.woff2"
"fonts","https://framerusercontent.com/assets/THWAFHoAcmqLMy81E8hCSdziVKA.woff2","C:\Users\??\Desktop\???????\framer-assets\fonts\a5d6ef0819d7abae5680b90f1a083aded0dcb8d6.woff2"
"fonts","https://framerusercontent.com/assets/tKtBcDnBMevsEEJKdNGhhkLzYo.woff2","C:\Users\??\Desktop\???????\framer-assets\fonts\3fa31eded4a7c810368c5459b6027e93d6ff1686.woff2"
"fonts","https://framerusercontent.com/assets/TMYuLEOqLWgunxD5qCFeADEgk.woff2","C:\Users\??\Desktop\???????\framer-assets\fonts\33cc81a2f342c6ca01444f1285aec1f7a79924a6.woff2"
"fonts","https://framerusercontent.com/assets/TNtxudDBkAm2RXdtU3rvTBwoM.woff2","C:\Users\??\Desktop\???????\framer-assets\fonts\2bb1cf7756dabc601876a25e5fbd78cc2b7db0bd.woff2"
"fonts","https://framerusercontent.com/assets/toNasQAsgu8B7dP8n9xdXRzdNhU.woff2","C:\Users\??\Desktop\???????\framer-assets\fonts\b5ae2c6b4ab5ae008fc9a6443ee9a9055da4449e.woff2"
"fonts","https://framerusercontent.com/assets/TQqnntSFYYGDv7XtyT3ZhfvDA.woff2","C:\Users\??\Desktop\???????\framer-assets\fonts\74027b65e029778a292b9ab8dc60966460953f24.woff2"
"fonts","https://framerusercontent.com/assets/tUSCtfYVM1I1IchuyCwz9gDdQ.woff2","C:\Users\??\Desktop\???????\framer-assets\fonts\974fd13b31db360cb7b8121411fa67fdecc1eca9.woff2"
"fonts","https://framerusercontent.com/assets/tVew2LzXJ1t7QfxP1gdTIdj2o0g.woff2","C:\Users\??\Desktop\???????\framer-assets\fonts\31ed49aa3bf3b83f167cee6b93d9e57d607455b8.woff2"
"fonts","https://framerusercontent.com/assets/U1kEiQQO1ar9PuYJyyRkclmq8o.woff2","C:\Users\??\Desktop\???????\framer-assets\fonts\1c2cda7eca50b17200740546c2a5d7d8c64daf38.woff2"
"fonts","https://framerusercontent.com/assets/u6gJwDuwB143kpNK1T1MDKDWkMc.woff2","C:\Users\??\Desktop\???????\framer-assets\fonts\bba4fadd8b3a566a65b5abed4dde368f10314b07.woff2"
"fonts","https://framerusercontent.com/assets/U9LaDDmbRhzX3sB8g8glTy5feTE.woff2","C:\Users\??\Desktop\???????\framer-assets\fonts\829de2c17804a59727baf108eda62e8d8f25716a.woff2"
"fonts","https://framerusercontent.com/assets/ua60IRqWK94xCrq0SC639Hbsdjg.woff2","C:\Users\??\Desktop\???????\framer-assets\fonts\d664e7c3e7958cde8dfb41c24fd5dac5969d5a6f.woff2"
"fonts","https://framerusercontent.com/assets/ub5XwqqEAMrXQz31ej6fNqbxnBc.woff2","C:\Users\??\Desktop\???????\framer-assets\fonts\506d8407f4f59caaf02ea3c78c4059090e49332a.woff2"
"fonts","https://framerusercontent.com/assets/ugFYeIKZEJXDxI6Kh0YQUX6EK9I.woff2","C:\Users\??\Desktop\???????\framer-assets\fonts\057b9171e1bc1f77169450487549f776fe6cc5c1.woff2"
"fonts","https://framerusercontent.com/assets/UHqhq621TbUtspKtPKPA1Ne8qY.woff2","C:\Users\??\Desktop\???????\framer-assets\fonts\b767f930b3f332f1bbfa50934d28b761e472ee64.woff2"
"fonts","https://framerusercontent.com/assets/UjFZPDy3qGuDktQM4q9CxhKfIa8.woff2","C:\Users\??\Desktop\???????\framer-assets\fonts\f991c878fa3b2a1134f7d136a5a140992145b198.woff2"
"fonts","https://framerusercontent.com/assets/UjlFhCnUjxhNfep4oYBPqnEssyo.woff2","C:\Users\??\Desktop\???????\framer-assets\fonts\2ba1c0d5445ff67d672591b35160e3915504eb3c.woff2"
"fonts","https://framerusercontent.com/assets/UrzZBOy7RyJEWAZGduzOeHiHuY.woff2","C:\Users\??\Desktop\???????\framer-assets\fonts\f777c447c385f116ef6da3daeb97fff8b23856ca.woff2"
"fonts","https://framerusercontent.com/assets/UTeedEK21hO5jDxEUldzdScUqpg.woff2","C:\Users\??\Desktop\???????\framer-assets\fonts\f4c8776f6fa3686e6479cce67380afa8fc8a3bea.woff2"
"fonts","https://framerusercontent.com/assets/uy9s0iWuxiNnVt8EpTI3gzohpwo.woff2","C:\Users\??\Desktop\???????\framer-assets\fonts\bd8884f7e799c6933df0777be7dcec0effa4f671.woff2"
"fonts","https://framerusercontent.com/assets/V3j1L0o5vPFKe26Sw4HcpXCfHo.woff2","C:\Users\??\Desktop\???????\framer-assets\fonts\05b5a2451150b001b38719df30c5c717498d89b5.woff2"
"fonts","https://framerusercontent.com/assets/vebZUMjGyKkYsfcY73iwWTzLNag.woff2","C:\Users\??\Desktop\???????\framer-assets\fonts\bcbf906d4c6423fd60510109f27f638320abbb40.woff2"
"fonts","https://framerusercontent.com/assets/VfD2n20yM7v0hrUEBHEyafsmMBY.woff2","C:\Users\??\Desktop\???????\framer-assets\fonts\b9630cc7b7c4e0c73211a9dcedd4ed320b3a105c.woff2"
"fonts","https://framerusercontent.com/assets/vFOa28RMJNgff4GnWLns8E8vGZw.woff2","C:\Users\??\Desktop\???????\framer-assets\fonts\d5198f171c61e7e0f2215d1f434f1a4621b23138.woff2"
"fonts","https://framerusercontent.com/assets/VgYFWiwsAC5OYxAycRXXvhze58.woff2","C:\Users\??\Desktop\???????\framer-assets\fonts\b6c8387871127c1ef5336c05349171aebe37795d.woff2"
"fonts","https://framerusercontent.com/assets/vpq17U0WM26sBGHgq9jnrUmUf8.woff2","C:\Users\??\Desktop\???????\framer-assets\fonts\9088a200b890823339cc87cad713ae9c9170ffb8.woff2"
"fonts","https://framerusercontent.com/assets/vSoBOmgqFUd0rVCgogjwL7jQI.woff2","C:\Users\??\Desktop\???????\framer-assets\fonts\63209fb2f71afdf0e3e2ba9d5f40b4b819c2f28b.woff2"
"fonts","https://framerusercontent.com/assets/Vu4RH4OOAYHIXg4LpXVzNVmbpY.woff2","C:\Users\??\Desktop\???????\framer-assets\fonts\1b136f8a929001c692be86df9bd6718f2d410395.woff2"
"fonts","https://framerusercontent.com/assets/vuPfygr1n1zYxscvWgGI8hRf3LE.woff2","C:\Users\??\Desktop\???????\framer-assets\fonts\6da4df4bf9515385dd0f42b42c84e528eac24d9a.woff2"
"fonts","https://framerusercontent.com/assets/vvNSqIj42qeQ2bvCRBIWKHscrc.woff2","C:\Users\??\Desktop\???????\framer-assets\fonts\cfa0a2ea2d1ea9c51b09f4c91243308dd1be3825.woff2"
"fonts","https://framerusercontent.com/assets/vxBnBhH8768IFAXAb4Qf6wQHKs.woff2","C:\Users\??\Desktop\???????\framer-assets\fonts\45d9a97649a8cb74aa250ba44cc0384c698b66ff.woff2"
"fonts","https://framerusercontent.com/assets/w3wwH92cnNPcZVAf63gAmGQW0k.woff2","C:\Users\??\Desktop\???????\framer-assets\fonts\c1b7d54a585901a0367fc9e29eb2d5fced5645f6.woff2"
"fonts","https://framerusercontent.com/assets/w9aHRXFhel7kScIgRMsPqEwE3AY.woff2","C:\Users\??\Desktop\???????\framer-assets\fonts\3def7ce0b42af11c9f52e6afc6d3d6f7db3ef4a9.woff2"
"fonts","https://framerusercontent.com/assets/wccHG0r4gBDAIRhfHiOlq6oEkqw.woff2","C:\Users\??\Desktop\???????\framer-assets\fonts\7b05451fe6ce2fa2814678bbad0dce7fe7a208b7.woff2"
"fonts","https://framerusercontent.com/assets/WL8JiibS9vHU7Cb3NGaJKioRjQ.woff2","C:\Users\??\Desktop\???????\framer-assets\fonts\e2beaa34e0e4dfc4df5343899b7730b1dab8ea58.woff2"
"fonts","https://framerusercontent.com/assets/wmHLUqO4QxLaADUScavxvknnBQ.woff2","C:\Users\??\Desktop\???????\framer-assets\fonts\e8ee0d5b0be578ffb1086d8942f8a29e32c45059.woff2"
"fonts","https://framerusercontent.com/assets/wx5nfqEgOXnxuFaxB0Mn9OhmcZA.woff2","C:\Users\??\Desktop\???????\framer-assets\fonts\e1eb237e489da4a659d861ca6bea0ce5f5cad59d.woff2"
"fonts","https://framerusercontent.com/assets/WXQXYfAQJIi2pCJACAfWWXfIDqI.woff2","C:\Users\??\Desktop\???????\framer-assets\fonts\883ce68f6a93bec355df3e15940692986b17c112.woff2"
"fonts","https://framerusercontent.com/assets/WZ367JPwf9bRW6LdTHN8rXgSjw.woff2","C:\Users\??\Desktop\???????\framer-assets\fonts\78f4b8011b8394d0f7182cf260f76461813a328a.woff2"
"fonts","https://framerusercontent.com/assets/X5hj6qzcHUYv7h1390c8Rhm6550.woff2","C:\Users\??\Desktop\???????\framer-assets\fonts\98e006a70b1f3949ce855bf8937b35ad282fd7bd.woff2"
"fonts","https://framerusercontent.com/assets/x8eJ5VkmPMHVhVbF0E8JYFJmwc.woff2","C:\Users\??\Desktop\???????\framer-assets\fonts\b63af4b3a5f3fd8ba524efe764e81485729ab7ff.woff2"
"fonts","https://framerusercontent.com/assets/xFtzow8wtMpaEQuIGgCbt25Qorg.woff2","C:\Users\??\Desktop\???????\framer-assets\fonts\bc4352646224c64c525df05e07dbb56f095a9c9a.woff2"
"fonts","https://framerusercontent.com/assets/xPVm3TFQkuvdIaC7nzaBBAiE5Y.woff2","C:\Users\??\Desktop\???????\framer-assets\fonts\2b9e473b789002a6dce7944e63bf6f81ee1a6cf5.woff2"
"fonts","https://framerusercontent.com/assets/XRXDXcGEcHEhj5vRoCcaNzLUII.woff2","C:\Users\??\Desktop\???????\framer-assets\fonts\497652817a2c5250c0213b6bcac98fccc5c225b3.woff2"
"fonts","https://framerusercontent.com/assets/xwWV9Y5bwNwM4PjHKFG1XmdwA.woff2","C:\Users\??\Desktop\???????\framer-assets\fonts\21d9c9dddf5f03e8cfe7420bff98799442b41a67.woff2"
"fonts","https://framerusercontent.com/assets/xYYWaj7wCU5zSQH0eXvSaS19wo.woff2","C:\Users\??\Desktop\???????\framer-assets\fonts\af51674aa2066c0bdf3847565c0c478f874d7b67.woff2"
"fonts","https://framerusercontent.com/assets/Y9k9QrlZAqio88Klkmbd8VoMQc.woff2","C:\Users\??\Desktop\???????\framer-assets\fonts\bb12e146cad66be196e3909cef35b90bc6cbc5b3.woff2"
"fonts","https://framerusercontent.com/assets/yDiPvYxioBHsicnYxpPW35WQmx8.woff2","C:\Users\??\Desktop\???????\framer-assets\fonts\3d4b5b50bab5815d801efe4ca0143f20330406b0.woff2"
"fonts","https://framerusercontent.com/assets/yDtI2UI8XcEg1W2je9XPN3Noo.woff2","C:\Users\??\Desktop\???????\framer-assets\fonts\a113a1cb4f38240c5a5f5f9a7d5ec3ecd1f02577.woff2"
"fonts","https://framerusercontent.com/assets/yHa3FUh9QDCLkYGoHU44PsRbTI.woff2","C:\Users\??\Desktop\???????\framer-assets\fonts\6a8b299309ea1f257377eca6d51317c5dd834d9c.woff2"
"fonts","https://framerusercontent.com/assets/yHWoQPBZSEiCC3aW3JXtcoFby8o.woff2","C:\Users\??\Desktop\???????\framer-assets\fonts\fd5a7ffd68216fb72bea0deb9053b8261fb97666.woff2"
"fonts","https://framerusercontent.com/assets/YJsHMqeEm0oDHuxRTVCwg5eZuo.woff2","C:\Users\??\Desktop\???????\framer-assets\fonts\c61b3fdfbd8abc99b451b2c8b78727785b7a44f9.woff2"
"fonts","https://framerusercontent.com/assets/YOHXUQlY1iC2t7qT4HeLSoBDtn4.woff2","C:\Users\??\Desktop\???????\framer-assets\fonts\f6c0684030ae6fdedd7d451b19652379823ee988.woff2"
"fonts","https://framerusercontent.com/assets/YYB6GZmCWnZq3RWZOghuZIOxQY.woff2","C:\Users\??\Desktop\???????\framer-assets\fonts\f8257bd209a3f0d28d39decc317556afad74073c.woff2"
"fonts","https://framerusercontent.com/assets/Z4sGWU2OKBoXPWulb5P25vULA.woff2","C:\Users\??\Desktop\???????\framer-assets\fonts\f81ecb9b8040cd8f3e9aa160f0f0da0739a6c136.woff2"
"fonts","https://framerusercontent.com/assets/zAMK70AQRFSShJgUiaR5IiIhgzk.woff2","C:\Users\??\Desktop\???????\framer-assets\fonts\b14c2fe044122aab05076c0e5c838df0eaf9776d.woff2"
"fonts","https://framerusercontent.com/assets/zLXnIInNs9VhCJZQ1B0FvHgtWDM.woff2","C:\Users\??\Desktop\???????\framer-assets\fonts\ae7e11fda85fe2a30519c9cb02a59a9665b61809.woff2"
"fonts","https://framerusercontent.com/assets/ZRl8AlxwsX1m7xS1eJCiSPbztg.woff2","C:\Users\??\Desktop\???????\framer-assets\fonts\e6ca6bddd3e1c53c9718479b32a4987eb50af759.woff2"
"fonts","https://framerusercontent.com/assets/zsnJN7Z1wdzUvepJniD3rbvJIyU.woff2","C:\Users\??\Desktop\???????\framer-assets\fonts\d88565d8d5a1385882d4909dd29becd86a6d2dde.woff2"
"fonts","https://framerusercontent.com/assets/zSsEuoJdh8mcFVk976C05ZfQr8.woff2","C:\Users\??\Desktop\???????\framer-assets\fonts\05aecd81f0f15360b1873d717596d9d4a67ed632.woff2"
"fonts","https://framerusercontent.com/assets/zUCSsMbWBcHOQoATrhsPVigkc.woff2","C:\Users\??\Desktop\???????\framer-assets\fonts\fb02ad327e6d8837100ed71ed5c60130c69d37bb.woff2"
"fonts","https://framerusercontent.com/assets/Zwfz6xbVe5pmcWRJRgBDHnMkOkI.woff2","C:\Users\??\Desktop\???????\framer-assets\fonts\a5368cb4d523f72b31e9937f68c54efec690ec03.woff2"
"fonts","https://framerusercontent.com/modules/assets/0yFpglK3jVYQPMAavtrS0bTWcJs~vAEznUOv5inQLdXUmtSMsf36imZo5rKg1R7M8aYW7iM.woff","C:\Users\??\Desktop\???????\framer-assets\fonts\f3260e7de4d49f5194e875e6c5e9b84f56b2dfaf.woff"
"fonts","https://framerusercontent.com/modules/assets/fzPHxF9fH0xuWrLGZpocEHb5oU~X7jiucZVSRDKA1hWswsF62Ltlvi9dHf6m1XGVN0Pw7I.woff","C:\Users\??\Desktop\???????\framer-assets\fonts\3b873bc7034e08955bb9fc48c8181e616432552f.woff"
"fonts","https://framerusercontent.com/third-party-assets/fontshare/wf/CDEBEFT2R7XKNGXSBBLZGMY4MMHZG75P/HEVKDGQCYDZ7Z6CDVR2ZQGBCTUD6ZARH/BKWEE3VKGTFABE37K2DTH625VUSN2N35.woff2","C:\Users\??\Desktop\???????\framer-assets\fonts\cd033896d94b89842997d46530a2cb475b51bc96.woff2"
"fonts","https://framerusercontent.com/third-party-assets/fontshare/wf/LAFFD4SDUCDVQEXFPDC7C53EQ4ZELWQI/PXCT3G6LO6ICM5I3NTYENYPWJAECAWDD/GHM6WVH6MILNYOOCXHXB5GTSGNTMGXZR.woff2","C:\Users\??\Desktop\???????\framer-assets\fonts\5cc1acc907efa8b32b17f0c880e30e8f961ac219.woff2"
"fonts","https://framerusercontent.com/third-party-assets/fontshare/wf/MPIFA4B3XXRNY2MJDGP6GOOOAF6EOCLO/W5E4ZFYPJ3V6JKMBGHB6YMITK6EWS2XA/QOMBWPST76ICDYF6WOBS7SQ7RBT67QW2.woff2","C:\Users\??\Desktop\???????\framer-assets\fonts\3db12b7fae83f384b72fd4df51aaa71e212bd9cf.woff2"
"fonts","https://framerusercontent.com/third-party-assets/fontshare/wf/NHPGVFYUXYXE33DZ75OIT4JFGHITX5PE/PSUTMASCDJTVPERDYJZPN23BVUFUCQIF/J64QX5IPOHK56I2KYUNBQ5M2XWZEYKYX.woff2","C:\Users\??\Desktop\???????\framer-assets\fonts\d39a083a596122ae6f1911524ff6b46010fd39fb.woff2"
"fonts","https://framerusercontent.com/third-party-assets/fontshare/wf/NWBQYJIM7GCZ5XWD7D26ARB3VDY55ZRT/K63EV2KZIGKLE7RANQ2U42S6SVHU5RJ7/X6XYTKIVDUW7GZTZPZNN4EUM5KH54KHF.woff2","C:\Users\??\Desktop\???????\framer-assets\fonts\8c7e2efa91aa55cb2588c06c2b6315d840ac7837.woff2"
"fonts","https://framerusercontent.com/third-party-assets/fontshare/wf/P2LQKHE6KA6ZP4AAGN72KDWMHH6ZH3TA/ZC32TK2P7FPS5GFTL46EU6KQJA24ZYDB/7AHDUZ4A7LFLVFUIFSARGIWCRQJHISQP.woff2","C:\Users\??\Desktop\???????\framer-assets\fonts\760771d7a949429ea6b46be336103f45e0aae840.woff2"
"fonts","https://framerusercontent.com/third-party-assets/fontshare/wf/TTX2Z3BF3P6Y5BQT3IV2VNOK6FL22KUT/7QYRJOI3JIMYHGY6CH7SOIFRQLZOLNJ6/KFIAZD4RUMEZIYV6FQ3T3GP5PDBDB6JY.woff2","C:\Users\??\Desktop\???????\framer-assets\fonts\ec93c8d59961c8db083701ab03c103c3a4b2ad26.woff2"
"scripts","https://framerusercontent.com/sites/5N5S0X2YH3WYNsWNmEIYna/3TFovzGKxKA8Q4UoeAoOPEx4MoyrHVDV-TmFwhX1xFY.DVeMy-S5.mjs","C:\Users\??\Desktop\???????\framer-assets\scripts\3e61f5968df77ef46f61ebb8f4f8e251ad993cb9.mjs"
"scripts","https://framerusercontent.com/sites/5N5S0X2YH3WYNsWNmEIYna/framer.CpvppMK5.mjs","C:\Users\??\Desktop\???????\framer-assets\scripts\b660db3bc102ff0e0f24e2f7395d3bcf4f7e8825.mjs"
"scripts","https://framerusercontent.com/sites/5N5S0X2YH3WYNsWNmEIYna/motion.DEZG7BEy.mjs","C:\Users\??\Desktop\???????\framer-assets\scripts\b5923b140c7ff8474ce2ae4035a0d715bef8e20f.mjs"
"scripts","https://framerusercontent.com/sites/5N5S0X2YH3WYNsWNmEIYna/MSEg8PecHThG2PYnlH-ePeLH4yQRNo59z7nPB98uXT0.CXABfYdB.mjs","C:\Users\??\Desktop\???????\framer-assets\scripts\81b37b0fce1940d58d551520071b88b212fddb8a.mjs"
"scripts","https://framerusercontent.com/sites/5N5S0X2YH3WYNsWNmEIYna/nEnG899Ss.BMky6489.mjs","C:\Users\??\Desktop\???????\framer-assets\scripts\e75a2ba5727dce505ccd84f96e0fb97ba3f27ab9.mjs"
"scripts","https://framerusercontent.com/sites/5N5S0X2YH3WYNsWNmEIYna/react.C562Zofk.mjs","C:\Users\??\Desktop\???????\framer-assets\scripts\27ac73591b2a422916750a6371e0764843c673b4.mjs"
"scripts","https://framerusercontent.com/sites/5N5S0X2YH3WYNsWNmEIYna/rolldown-runtime.Dh6celcD.mjs","C:\Users\??\Desktop\???????\framer-assets\scripts\e14a110f90f8ebf0632fccba2fa788c5157fd0be.mjs"
"scripts","https://framerusercontent.com/sites/5N5S0X2YH3WYNsWNmEIYna/script_main.BZMqxHB3.mjs","C:\Users\??\Desktop\???????\framer-assets\scripts\f27f86181ce7f74c2edc28b455c27a20182160b2.mjs"
"scripts","https://framerusercontent.com/sites/5N5S0X2YH3WYNsWNmEIYna/shared-lib.dSdB_YyF.mjs","C:\Users\??\Desktop\???????\framer-assets\scripts\c8f8f00cd7dcd2e9a3827733812e0c2f86633b16.mjs"
"scripts","https://framerusercontent.com/sites/5N5S0X2YH3WYNsWNmEIYna/YckFIlg3V.sDWHNKG1.mjs","C:\Users\??\Desktop\???????\framer-assets\scripts\550db1eca3f983098e15cc0e3c1abafed49d6152.mjs"
"images","https://framerusercontent.com/images/0DiECHDHGJLQhyAnwkjbuLFw6Bo.png?scale-down-to=512&width=858&height=449","C:\Users\??\Desktop\???????\framer-assets\images\9c72b15c16ebd7f59c5a044376974528297bbb61.png"
"images","https://framerusercontent.com/images/0DiECHDHGJLQhyAnwkjbuLFw6Bo.png?width=858&height=449","C:\Users\??\Desktop\???????\framer-assets\images\811e67819eef08ef12d4294b608c75071028b143.png"
"images","https://framerusercontent.com/images/0j01zpfmhiGxHsZSCSUImQU9uvk.png?scale-down-to=1024&width=2786&height=1694","C:\Users\??\Desktop\???????\framer-assets\images\a53fc2d41f97185540b7ee5bfd65760f705c3599.png"
"images","https://framerusercontent.com/images/0j01zpfmhiGxHsZSCSUImQU9uvk.png?scale-down-to=2048&width=2786&height=1694","C:\Users\??\Desktop\???????\framer-assets\images\da66b35f29562b0e2a9ee7544c5b5384d7fb5a1d.png"
"images","https://framerusercontent.com/images/0j01zpfmhiGxHsZSCSUImQU9uvk.png?scale-down-to=512&width=2786&height=1694","C:\Users\??\Desktop\???????\framer-assets\images\7009d9992faac2dc292b0b1a5b5247bfd70f5e6e.png"
"images","https://framerusercontent.com/images/0j01zpfmhiGxHsZSCSUImQU9uvk.png?width=2786&height=1694","C:\Users\??\Desktop\???????\framer-assets\images\5247c345f474e10806399fab7a3a5708be0aa486.png"
"images","https://framerusercontent.com/images/0MZgY5f9gc0d7xAFs3WNO1bkM0.png?scale-down-to=1024&width=1391&height=1194","C:\Users\??\Desktop\???????\framer-assets\images\65bc1f2e15e5c1893161819f31ab215067d5a2c2.png"
"images","https://framerusercontent.com/images/0MZgY5f9gc0d7xAFs3WNO1bkM0.png?scale-down-to=512&width=1391&height=1194","C:\Users\??\Desktop\???????\framer-assets\images\de5900afc261e8aa906448dc52d2edf2976ed58a.png"
"images","https://framerusercontent.com/images/0MZgY5f9gc0d7xAFs3WNO1bkM0.png?width=1391&height=1194","C:\Users\??\Desktop\???????\framer-assets\images\5fbc98cf9df93597d10c0f861682d63da5658f43.png"
"images","https://framerusercontent.com/images/0rPKlMflzo9d4CjwKQ2uCfxUN9U.png?width=468&height=350","C:\Users\??\Desktop\???????\framer-assets\images\b88ed990c08c77db5d2bb0c85f00300843a7fea7.png"
"images","https://framerusercontent.com/images/0Y3PtSrTNR6ZPcKf9Yu9XNo91IQ.png?width=260&height=534","C:\Users\??\Desktop\???????\framer-assets\images\da89f08732b9354d09acc4d9db52d92a6db2040f.png"
"images","https://framerusercontent.com/images/19lo9g4LX4piLWjr9YwRVVHxWU.png?scale-down-to=1024&width=1440&height=1024","C:\Users\??\Desktop\???????\framer-assets\images\6c3898bc012de2d4a45f5c71d6ef6c0bd1a04164.png"
"images","https://framerusercontent.com/images/19lo9g4LX4piLWjr9YwRVVHxWU.png?scale-down-to=512&width=1440&height=1024","C:\Users\??\Desktop\???????\framer-assets\images\c70dfc70b663614bda83517f1e183af33388acdd.png"
"images","https://framerusercontent.com/images/19lo9g4LX4piLWjr9YwRVVHxWU.png?width=1440&height=1024","C:\Users\??\Desktop\???????\framer-assets\images\5aba2ceb4368815dccaf4c7a4c67711879fcdda9.png"
"images","https://framerusercontent.com/images/1dV3ypx77LiQgoin4G8ONDocNXo.png?scale-down-to=512&width=974&height=692","C:\Users\??\Desktop\???????\framer-assets\images\ba80c2cd17da445a2d4230156fc410cb6ae97faf.png"
"images","https://framerusercontent.com/images/1dV3ypx77LiQgoin4G8ONDocNXo.png?width=974&height=692","C:\Users\??\Desktop\???????\framer-assets\images\c05142f32764239278b5638843fe0d885c7cbae5.png"
"images","https://framerusercontent.com/images/26gbQW123kbDY5FQefqJm2FsKs.png?scale-down-to=1024&width=3840&height=2160","C:\Users\??\Desktop\???????\framer-assets\images\bc4eb5b27151b946374b9fe503148b696fde84f7.png"
"images","https://framerusercontent.com/images/26gbQW123kbDY5FQefqJm2FsKs.png?scale-down-to=2048&width=3840&height=2160","C:\Users\??\Desktop\???????\framer-assets\images\e875b704ed78ff2f55f2a33cf64914412ca17b54.png"
"images","https://framerusercontent.com/images/26gbQW123kbDY5FQefqJm2FsKs.png?scale-down-to=512&width=3840&height=2160","C:\Users\??\Desktop\???????\framer-assets\images\b7950ada4afb70684490b3e946e7b7aa2cc71c38.png"
"images","https://framerusercontent.com/images/26gbQW123kbDY5FQefqJm2FsKs.png?width=3840&height=2160","C:\Users\??\Desktop\???????\framer-assets\images\c66b6d63ee8d99d60a454d4882a393ae06051d1e.png"
"images","https://framerusercontent.com/images/2fJj5WRjkHP7LeBJx4EHcPCJA.png?width=260&height=534","C:\Users\??\Desktop\???????\framer-assets\images\c24ac4f06ae8d8c4c5cac63826d0a062c9947051.png"
"images","https://framerusercontent.com/images/2mYHbvLgqfUlljv5AHx8w40w.png?width=481&height=369","C:\Users\??\Desktop\???????\framer-assets\images\42d2e1bbe882c37733d93648923cdebddbffbbcc.png"
"images","https://framerusercontent.com/images/2Q8COpb4SrmNiXlpagy7pM1Dsag.png?scale-down-to=1024&width=2041&height=894","C:\Users\??\Desktop\???????\framer-assets\images\ea76196521122c09a0122f000a7f8c62399fefa4.png"
"images","https://framerusercontent.com/images/2Q8COpb4SrmNiXlpagy7pM1Dsag.png?scale-down-to=512&width=2041&height=894","C:\Users\??\Desktop\???????\framer-assets\images\5ec2c86f1c4412c09cacad2ea1e2c66fa0b60e6b.png"
"images","https://framerusercontent.com/images/2Q8COpb4SrmNiXlpagy7pM1Dsag.png?width=2041&height=894","C:\Users\??\Desktop\???????\framer-assets\images\98b431010ba8383e46086cb5a95deaf576be0c87.png"
"images","https://framerusercontent.com/images/2qdv2ccITVkjbDSecME62NAzASs.png?scale-down-to=1024&width=1666&height=1670","C:\Users\??\Desktop\???????\framer-assets\images\62e6f8cb91c102d7db1ab7dea3e576265e8d38b9.png"
"images","https://framerusercontent.com/images/2qdv2ccITVkjbDSecME62NAzASs.png?width=1666&height=1670","C:\Users\??\Desktop\???????\framer-assets\images\356ef30f493b1ed2fc68b589085d3085178d8923.png"
"images","https://framerusercontent.com/images/2um9k2zWIUltyUVVwzIQDpCmY.png?scale-down-to=1024&width=2439&height=2678","C:\Users\??\Desktop\???????\framer-assets\images\0a3a30eea1aece43ce28d5dd648afe348da390d0.png"
"images","https://framerusercontent.com/images/2um9k2zWIUltyUVVwzIQDpCmY.png?scale-down-to=2048&width=2439&height=2678","C:\Users\??\Desktop\???????\framer-assets\images\8d9cf591513758da9b0cbe70afe99e7e47af6a01.png"
"images","https://framerusercontent.com/images/2um9k2zWIUltyUVVwzIQDpCmY.png?width=2439&height=2678","C:\Users\??\Desktop\???????\framer-assets\images\98b5cd853d7437834699bd0163d2382a42264068.png"
"images","https://framerusercontent.com/images/2zufyLzMthd9wUba50ZTw4ije4.jpg?scale-down-to=512&width=623&height=325","C:\Users\??\Desktop\???????\framer-assets\images\529e7ef2fe55a5738deeea6b824d53dc4d528fac.jpg"
"images","https://framerusercontent.com/images/2zufyLzMthd9wUba50ZTw4ije4.jpg?width=623&height=325","C:\Users\??\Desktop\???????\framer-assets\images\7682fbe4d446d857cf8eeceaf336a83c7d04e47d.jpg"
"images","https://framerusercontent.com/images/35vbPiKKgFU5wlIvGqWLm5ssHc.png?width=486&height=178","C:\Users\??\Desktop\???????\framer-assets\images\3378ae486d7e0ebc48884f3347a8afb515e3b6f5.png"
"images","https://framerusercontent.com/images/37FSVhvFWr6MElecVaEw4QnSn0k.png?scale-down-to=1024&width=1394&height=800","C:\Users\??\Desktop\???????\framer-assets\images\85fb298e986c83c3ed672103d573feabdbbf0ece.png"
"images","https://framerusercontent.com/images/37FSVhvFWr6MElecVaEw4QnSn0k.png?scale-down-to=512&width=1394&height=800","C:\Users\??\Desktop\???????\framer-assets\images\22ba763f6f4a6dd7b597b3e1a29242d612beba7b.png"
"images","https://framerusercontent.com/images/37FSVhvFWr6MElecVaEw4QnSn0k.png?width=1394&height=800","C:\Users\??\Desktop\???????\framer-assets\images\914e321efcfd9687ca6440ffa37b793995c703d5.png"
"images","https://framerusercontent.com/images/3jBZIUbxQjszhZnLWwML0PGEY.png?width=595&height=842","C:\Users\??\Desktop\???????\framer-assets\images\017f7012c1c9f1131c319d0b9c26e5b2aa45eb18.png"
"images","https://framerusercontent.com/images/3mMf9KUmleWKVxtvPeixWzhfa18.png?scale-down-to=1024&width=1354&height=1451","C:\Users\??\Desktop\???????\framer-assets\images\3dd08f85ca385399353ef967b817366bde480765.png"
"images","https://framerusercontent.com/images/3mMf9KUmleWKVxtvPeixWzhfa18.png?width=1354&height=1451","C:\Users\??\Desktop\???????\framer-assets\images\492fc1ba87a5ae67a1d4ab162379dc1da7e242e8.png"
"images","https://framerusercontent.com/images/3Rm1UK5NyGhdJtzO3n57gIrvxrI.png?scale-down-to=1024&width=7747&height=1952","C:\Users\??\Desktop\???????\framer-assets\images\0948d2955cee955c7c0e936dfc8a961b158b8d6b.png"
"images","https://framerusercontent.com/images/3Rm1UK5NyGhdJtzO3n57gIrvxrI.png?scale-down-to=2048&width=7747&height=1952","C:\Users\??\Desktop\???????\framer-assets\images\c1ef0eaa439f5356512a8152e467f00f5aaa4016.png"
"images","https://framerusercontent.com/images/3Rm1UK5NyGhdJtzO3n57gIrvxrI.png?scale-down-to=4096&width=7747&height=1952","C:\Users\??\Desktop\???????\framer-assets\images\9657c5e5c3d86591176ff49478d021c5553c25a9.png"
"images","https://framerusercontent.com/images/3Rm1UK5NyGhdJtzO3n57gIrvxrI.png?scale-down-to=512&width=7747&height=1952","C:\Users\??\Desktop\???????\framer-assets\images\feeb77d207ff385786ff9ae0c47ca14ca37a322e.png"
"images","https://framerusercontent.com/images/3Rm1UK5NyGhdJtzO3n57gIrvxrI.png?width=7747&height=1952","C:\Users\??\Desktop\???????\framer-assets\images\9fbe8cb3cf3b27eb6051493210ca7974c96c0706.png"
"images","https://framerusercontent.com/images/42BMxsIX8io0pUJ7IJ3QbMwWElo.png?width=390&height=801","C:\Users\??\Desktop\???????\framer-assets\images\cd9ffe63e31966b9a20afdfc606268dca6b960d2.png"
"images","https://framerusercontent.com/images/4bhwSU60uW0z1pxk2qlO5HnvJ9U.png?scale-down-to=1024&width=2152&height=1574","C:\Users\??\Desktop\???????\framer-assets\images\5fe418ac5929766b2e69ef53e656320f2e3bbfb6.png"
"images","https://framerusercontent.com/images/4bhwSU60uW0z1pxk2qlO5HnvJ9U.png?scale-down-to=2048&width=2152&height=1574","C:\Users\??\Desktop\???????\framer-assets\images\3d5b323ff2e3598da8466be4b02eea88855c62ab.png"
"images","https://framerusercontent.com/images/4bhwSU60uW0z1pxk2qlO5HnvJ9U.png?scale-down-to=512&width=2152&height=1574","C:\Users\??\Desktop\???????\framer-assets\images\7d8cb6ad69b42e07807fbd09a0550d0a467dca4e.png"
"images","https://framerusercontent.com/images/4bhwSU60uW0z1pxk2qlO5HnvJ9U.png?width=2152&height=1574","C:\Users\??\Desktop\???????\framer-assets\images\aa2ba4021ed8c8dfbb35ea59a4cc6dd57175099f.png"
"images","https://framerusercontent.com/images/4fiO1rDrg2j6g9iZe4PzSjBr0M.png?scale-down-to=512&width=906&height=315","C:\Users\??\Desktop\???????\framer-assets\images\bc91e1f6cea4bb986fd67ced4613e79dd2cc38f4.png"
"images","https://framerusercontent.com/images/4fiO1rDrg2j6g9iZe4PzSjBr0M.png?width=906&height=315","C:\Users\??\Desktop\???????\framer-assets\images\72b9aa8cf4d089587276c3663f7568af69d67ef7.png"
"images","https://framerusercontent.com/images/4sQk0fGR8Lhj1KF0xgwB13tkS7U.png?scale-down-to=1024&width=2197&height=1349","C:\Users\??\Desktop\???????\framer-assets\images\9d3701b7fb645a6f1c01a1cd2c7f9f8d2ee97ee1.png"
"images","https://framerusercontent.com/images/4sQk0fGR8Lhj1KF0xgwB13tkS7U.png?scale-down-to=2048&width=2197&height=1349","C:\Users\??\Desktop\???????\framer-assets\images\89afb9ce238d60f5a553d2897b916c90421a1119.png"
"images","https://framerusercontent.com/images/4sQk0fGR8Lhj1KF0xgwB13tkS7U.png?scale-down-to=512&width=2197&height=1349","C:\Users\??\Desktop\???????\framer-assets\images\060d166df70e0b2791d2cc93bdb283dc3b556baa.png"
"images","https://framerusercontent.com/images/4sQk0fGR8Lhj1KF0xgwB13tkS7U.png?width=2197&height=1349","C:\Users\??\Desktop\???????\framer-assets\images\9b785afb90f4467916a28a2f125a7a41e2d54699.png"
"images","https://framerusercontent.com/images/53teBYQiX9emK5CfuTdduNZk.png?scale-down-to=1024&width=6196&height=4058","C:\Users\??\Desktop\???????\framer-assets\images\bf065de7795a0f0b2be745c6deb5dbf27496f9c9.png"
"images","https://framerusercontent.com/images/53teBYQiX9emK5CfuTdduNZk.png?scale-down-to=2048&width=6196&height=4058","C:\Users\??\Desktop\???????\framer-assets\images\0973b7191de10f419b8f436ade083149d9f6ece5.png"
"images","https://framerusercontent.com/images/53teBYQiX9emK5CfuTdduNZk.png?scale-down-to=4096&width=6196&height=4058","C:\Users\??\Desktop\???????\framer-assets\images\bbd055850ee1c17ae8c5a9bd865827a4431405d4.png"
"images","https://framerusercontent.com/images/53teBYQiX9emK5CfuTdduNZk.png?scale-down-to=512&width=6196&height=4058","C:\Users\??\Desktop\???????\framer-assets\images\b8cd4ee49d2ce5f1a93e78ac54c7bb5bc4fe74d7.png"
"images","https://framerusercontent.com/images/53teBYQiX9emK5CfuTdduNZk.png?width=6196&height=4058","C:\Users\??\Desktop\???????\framer-assets\images\bb00cb03b3e532c6003864bef9d21154b5215f5f.png"
"images","https://framerusercontent.com/images/5SHq6viLmk9g7mhx53pPJswAxc.png?scale-down-to=1024&width=1740&height=733","C:\Users\??\Desktop\???????\framer-assets\images\7d7aa7218316653cce4dc81020a941a72417dc19.png"
"images","https://framerusercontent.com/images/5SHq6viLmk9g7mhx53pPJswAxc.png?scale-down-to=512&width=1740&height=733","C:\Users\??\Desktop\???????\framer-assets\images\c96631d1b73ad66ade46f5701ea136325ff3d095.png"
"images","https://framerusercontent.com/images/5SHq6viLmk9g7mhx53pPJswAxc.png?width=1740&height=733","C:\Users\??\Desktop\???????\framer-assets\images\ec4b9ccb965cb7db84dd9d86003fc4b02ad7e85f.png"
"images","https://framerusercontent.com/images/5UsqUPRjcsAkqf7rb9kG5YWHJA.jpg?scale-down-to=1024&width=2000&height=1125","C:\Users\??\Desktop\???????\framer-assets\images\a2877526c494b52ae917b2bc1ccc19e604780482.jpg"
"images","https://framerusercontent.com/images/5UsqUPRjcsAkqf7rb9kG5YWHJA.jpg?scale-down-to=512&width=2000&height=1125","C:\Users\??\Desktop\???????\framer-assets\images\639c8b4573fb1ffeed4bcf41261feaed4c2908fe.jpg"
"images","https://framerusercontent.com/images/5UsqUPRjcsAkqf7rb9kG5YWHJA.jpg?width=2000&height=1125","C:\Users\??\Desktop\???????\framer-assets\images\c6bb85e5adf83cf08f8c9093a3e096d4fe83dcbc.jpg"
"images","https://framerusercontent.com/images/65iJXazFnjdKhydbO0aJhRf8gjQ.png?scale-down-to=1024&width=1740&height=733","C:\Users\??\Desktop\???????\framer-assets\images\a128c4572f7d89fefcb74093e5013d6de06d6f56.png"
"images","https://framerusercontent.com/images/65iJXazFnjdKhydbO0aJhRf8gjQ.png?scale-down-to=512&width=1740&height=733","C:\Users\??\Desktop\???????\framer-assets\images\3d06696bd71a3656648e7e165e3dafd13bca15c2.png"
"images","https://framerusercontent.com/images/65iJXazFnjdKhydbO0aJhRf8gjQ.png?width=1740&height=733","C:\Users\??\Desktop\???????\framer-assets\images\5a0510c48028614ffc675d307cd8676b6821918b.png"
"images","https://framerusercontent.com/images/6cdTZf9TXkFgm1q8kT8nusGIw8.png?scale-down-to=1024&width=1290&height=1721","C:\Users\??\Desktop\???????\framer-assets\images\8fcc113278c60ba7ef828566f4592daa4e5467c2.png"
"images","https://framerusercontent.com/images/6cdTZf9TXkFgm1q8kT8nusGIw8.png?width=1290&height=1721","C:\Users\??\Desktop\???????\framer-assets\images\1fdd331299d1332ae2fde71ca4388d033d64e96c.png"
"images","https://framerusercontent.com/images/6lo32X4Zwc7lBlGX8MlwiGtEjg.png?width=345&height=460","C:\Users\??\Desktop\???????\framer-assets\images\d9fd9af0b3253543691532f63d2889cb8e858225.png"
"images","https://framerusercontent.com/images/78Dgjz6YB0IyZFs5HTaqN6xv4Jw.png?width=611&height=855","C:\Users\??\Desktop\???????\framer-assets\images\7675f81965c187f9c6fc79b71ac105ebc2451527.png"
"images","https://framerusercontent.com/images/7xlSGyX070GFu7ErjyyuhwoKE.png?width=316&height=193","C:\Users\??\Desktop\???????\framer-assets\images\6c9917eec49eee98579f979389d60ac7303aca06.png"
"images","https://framerusercontent.com/images/8L5bB925sOwWdzfKwBUlfAPZgk.png?scale-down-to=512&width=1024&height=876","C:\Users\??\Desktop\???????\framer-assets\images\790c91dcdd55e8be9e96678b2febe7f4eeacf310.png"
"images","https://framerusercontent.com/images/8L5bB925sOwWdzfKwBUlfAPZgk.png?width=1024&height=876","C:\Users\??\Desktop\???????\framer-assets\images\5c9fd527a037e2c2310eeaa722c6b7160fce587c.png"
"images","https://framerusercontent.com/images/8XYTVEibCi6vAcPRgcsFX5E3dM.png?width=260&height=534","C:\Users\??\Desktop\???????\framer-assets\images\c1f7f388e9aeec1f2026c8d3f28a11cb080d4456.png"
"images","https://framerusercontent.com/images/94kcYW2AqZ4vvUqouxE60hVAXk.png?scale-down-to=1024&width=3124&height=1444","C:\Users\??\Desktop\???????\framer-assets\images\772a3c6d08c40fa907a2d0533575c19d92632213.png"
"images","https://framerusercontent.com/images/94kcYW2AqZ4vvUqouxE60hVAXk.png?scale-down-to=2048&width=3124&height=1444","C:\Users\??\Desktop\???????\framer-assets\images\b25ee6b350b637f81fb0339c5a56673dfa3a6513.png"
"images","https://framerusercontent.com/images/94kcYW2AqZ4vvUqouxE60hVAXk.png?scale-down-to=512&width=3124&height=1444","C:\Users\??\Desktop\???????\framer-assets\images\53f5f927bba46ec1fe600e9cd566ef11a93fe7e5.png"
"images","https://framerusercontent.com/images/94kcYW2AqZ4vvUqouxE60hVAXk.png?width=3124&height=1444","C:\Users\??\Desktop\???????\framer-assets\images\1b9110f8e883b603d3c739b4e2e2d171587e7ac6.png"
"images","https://framerusercontent.com/images/9g9Xw5nfyaW9COZUURFbsIMXHnA.png?scale-down-to=512&width=1024&height=832","C:\Users\??\Desktop\???????\framer-assets\images\a053ef5347c1a78e05d13f4493f14bfcedc18a50.png"
"images","https://framerusercontent.com/images/9g9Xw5nfyaW9COZUURFbsIMXHnA.png?width=1024&height=832","C:\Users\??\Desktop\???????\framer-assets\images\49c54da30cac0e41e632264a1fb566d91e9de6d2.png"
"images","https://framerusercontent.com/images/Ae96ntrEfJLAiKDZkJ25oRe71g.png?scale-down-to=1024&width=2198&height=928","C:\Users\??\Desktop\???????\framer-assets\images\bfedecde158c7cab1ed4d6ff30a6bd3cfb49c37f.png"
"images","https://framerusercontent.com/images/Ae96ntrEfJLAiKDZkJ25oRe71g.png?scale-down-to=2048&width=2198&height=928","C:\Users\??\Desktop\???????\framer-assets\images\b066b31959ff18f3cf2d590b93bae2baf3613b5c.png"
"images","https://framerusercontent.com/images/Ae96ntrEfJLAiKDZkJ25oRe71g.png?scale-down-to=512&width=2198&height=928","C:\Users\??\Desktop\???????\framer-assets\images\866b11658dd89de7edc63b16e86655f9b38e7f8c.png"
"images","https://framerusercontent.com/images/Ae96ntrEfJLAiKDZkJ25oRe71g.png?width=2198&height=928","C:\Users\??\Desktop\???????\framer-assets\images\d4e87642e86c3b92e1a2ddd087662cf06cd0d13b.png"
"images","https://framerusercontent.com/images/aH3qb5LNjD77w7idSayK5djHD4.png?scale-down-to=1024&width=1523&height=511","C:\Users\??\Desktop\???????\framer-assets\images\d27c38855878f43057a974621b36669844d31c86.png"
"images","https://framerusercontent.com/images/aH3qb5LNjD77w7idSayK5djHD4.png?scale-down-to=512&width=1523&height=511","C:\Users\??\Desktop\???????\framer-assets\images\84b3664dd073ecca06cd2d4e16cbd5fe6c12b18f.png"
"images","https://framerusercontent.com/images/aH3qb5LNjD77w7idSayK5djHD4.png?width=1523&height=511","C:\Users\??\Desktop\???????\framer-assets\images\49999264c8c1175e04f35aa117e5ea0e04d29359.png"
"images","https://framerusercontent.com/images/bEAmXUZDHcOYEfRMsQ1w8We6KM.png?scale-down-to=1024&width=2338&height=1299","C:\Users\??\Desktop\???????\framer-assets\images\7bf9bf2f0099c2e1f463e915303b5c78160ea88e.png"
"images","https://framerusercontent.com/images/bEAmXUZDHcOYEfRMsQ1w8We6KM.png?scale-down-to=2048&width=2338&height=1299","C:\Users\??\Desktop\???????\framer-assets\images\fc440635070fe8c35c00a2629a6fe2bc17811239.png"
"images","https://framerusercontent.com/images/bEAmXUZDHcOYEfRMsQ1w8We6KM.png?scale-down-to=512&width=2338&height=1299","C:\Users\??\Desktop\???????\framer-assets\images\486f51758ee6c364343e4c795e25de3fa299515d.png"
"images","https://framerusercontent.com/images/bEAmXUZDHcOYEfRMsQ1w8We6KM.png?width=2338&height=1299","C:\Users\??\Desktop\???????\framer-assets\images\4c316b96f56fb495ac82508190968b3b10cab06f.png"
"images","https://framerusercontent.com/images/bEG9dEaVS7cOjFlw3glgASuzM.png?width=341&height=460","C:\Users\??\Desktop\???????\framer-assets\images\e45a0f4cd30eefe8fc27441ba9175797a52d1c57.png"
"images","https://framerusercontent.com/images/bhriyrh9xD4K1GQlBk4QGZvqBrU.png?scale-down-to=1024&width=1777&height=887","C:\Users\??\Desktop\???????\framer-assets\images\06cf183e04be1c4bb78f5590143f9a435df117f6.png"
"images","https://framerusercontent.com/images/bhriyrh9xD4K1GQlBk4QGZvqBrU.png?scale-down-to=512&width=1777&height=887","C:\Users\??\Desktop\???????\framer-assets\images\eb7cfaef85274b5a13877181ca164ed59c602820.png"
"images","https://framerusercontent.com/images/bhriyrh9xD4K1GQlBk4QGZvqBrU.png?width=1777&height=887","C:\Users\??\Desktop\???????\framer-assets\images\8c7be37b4d4af6d18f190f319e74a64b6c4ea0be.png"
"images","https://framerusercontent.com/images/bif0Eu3Oi9OwhAhKM4eqhHP4.png?scale-down-to=512&width=662&height=317","C:\Users\??\Desktop\???????\framer-assets\images\eef7def8b2d8bb5e24515619ffa008621832c108.png"
"images","https://framerusercontent.com/images/bif0Eu3Oi9OwhAhKM4eqhHP4.png?width=662&height=317","C:\Users\??\Desktop\???????\framer-assets\images\521a1d251890ab0cbeb008316ff7cc8d4bb633e5.png"
"images","https://framerusercontent.com/images/bj1Tv3wvVJ0loRudKmzHXXMGGTM.png?scale-down-to=1024&width=2683&height=418","C:\Users\??\Desktop\???????\framer-assets\images\13df9d04f589058365b90502f2e0a8936c21ce70.png"
"images","https://framerusercontent.com/images/bj1Tv3wvVJ0loRudKmzHXXMGGTM.png?scale-down-to=2048&width=2683&height=418","C:\Users\??\Desktop\???????\framer-assets\images\537927b4c57bf9dcac82c780cb9f253fdb3585b8.png"
"images","https://framerusercontent.com/images/bj1Tv3wvVJ0loRudKmzHXXMGGTM.png?scale-down-to=512&width=2683&height=418","C:\Users\??\Desktop\???????\framer-assets\images\d82e0fb9e7601558f839b2d4049a25cc31991579.png"
"images","https://framerusercontent.com/images/bj1Tv3wvVJ0loRudKmzHXXMGGTM.png?width=2683&height=418","C:\Users\??\Desktop\???????\framer-assets\images\aede7f6f2ddb4260fd295c2d97f190b4eff94b9b.png"
"images","https://framerusercontent.com/images/BM4mKYR2ZjtwnArdG4DQGMA9oQ.png?scale-down-to=1024&width=4097&height=1402","C:\Users\??\Desktop\???????\framer-assets\images\ae2278c4d97e62baabcbcbcb76b4a0c035c4a3b5.png"
"images","https://framerusercontent.com/images/BM4mKYR2ZjtwnArdG4DQGMA9oQ.png?scale-down-to=2048&width=4097&height=1402","C:\Users\??\Desktop\???????\framer-assets\images\0a17779bb680475fb19141a6ce1a5f67af3e8ee1.png"
"images","https://framerusercontent.com/images/BM4mKYR2ZjtwnArdG4DQGMA9oQ.png?scale-down-to=4096&width=4097&height=1402","C:\Users\??\Desktop\???????\framer-assets\images\8c18ebad7bde88f2559ce2881d2b4597c34efaa1.png"
"images","https://framerusercontent.com/images/BM4mKYR2ZjtwnArdG4DQGMA9oQ.png?scale-down-to=512&width=4097&height=1402","C:\Users\??\Desktop\???????\framer-assets\images\2f226d25e1d0f015acb45bba5bfdcb31afee1828.png"
"images","https://framerusercontent.com/images/BM4mKYR2ZjtwnArdG4DQGMA9oQ.png?width=4097&height=1402","C:\Users\??\Desktop\???????\framer-assets\images\047a164dabc45a6cc5ce49de9cb5170f6f953d99.png"
"images","https://framerusercontent.com/images/C18NZKxiqSOYVrFvyxBjLr3sBvc.png?scale-down-to=1024&width=1723&height=770","C:\Users\??\Desktop\???????\framer-assets\images\e69f66716521f12b5e2b982b1aed52f652f513a6.png"
"images","https://framerusercontent.com/images/C18NZKxiqSOYVrFvyxBjLr3sBvc.png?scale-down-to=512&width=1723&height=770","C:\Users\??\Desktop\???????\framer-assets\images\28df1103e9be22038983f46d5d92b4c2df0e37ab.png"
"images","https://framerusercontent.com/images/C18NZKxiqSOYVrFvyxBjLr3sBvc.png?width=1723&height=770","C:\Users\??\Desktop\???????\framer-assets\images\b8cb4dbe8814bc312673ab9d10b9b8a34951985c.png"
"images","https://framerusercontent.com/images/CAFH8BnbMy6NlxrMJIh2IsuRe0.png?scale-down-to=512&width=1024&height=894","C:\Users\??\Desktop\???????\framer-assets\images\15a17a158d48531acc57d48a9d9b3bc9a7e2ee81.png"
"images","https://framerusercontent.com/images/CAFH8BnbMy6NlxrMJIh2IsuRe0.png?width=1024&height=894","C:\Users\??\Desktop\???????\framer-assets\images\50441351fc96dc2fe2bc8edbf508599e70e80bfb.png"
"images","https://framerusercontent.com/images/CdmaYRUUKLqClmHrw2PWKlORyrE.png?width=390&height=801","C:\Users\??\Desktop\???????\framer-assets\images\7cc447fec1f9f1da0f4e8091d30c30af48d0d08e.png"
"images","https://framerusercontent.com/images/cIClyhcgOcTfl8KwX2N52g53nMA.png?width=260&height=534","C:\Users\??\Desktop\???????\framer-assets\images\1cb4d0c09115de3c8d446417c07d246b754e9463.png"
"images","https://framerusercontent.com/images/CvvTAAfL29PLPByaW2DeqRHyBZk.png?scale-down-to=512&width=620&height=394","C:\Users\??\Desktop\???????\framer-assets\images\69c145a68cdb5b1aa7fc4e364b8bd59e0776bca7.png"
"images","https://framerusercontent.com/images/CvvTAAfL29PLPByaW2DeqRHyBZk.png?width=620&height=394","C:\Users\??\Desktop\???????\framer-assets\images\36fadd5fddac5fda510ca22bcecfa1c8e1ae007f.png"
"images","https://framerusercontent.com/images/czhJph5AOWy6AlLmKDamPLTGg.png?width=390&height=801","C:\Users\??\Desktop\???????\framer-assets\images\36f6bc5800f68813cbd6b313a5de4fff1d8c9003.png"
"images","https://framerusercontent.com/images/d3Oxz9HpdS9Q6cxP4lx2riV6Wpw.png?width=390&height=801","C:\Users\??\Desktop\???????\framer-assets\images\59ed31c26d3d085dcaafc250dd0ee18d1f09fdc2.png"
"images","https://framerusercontent.com/images/DaWF9pinryUQd9rwFz8cxw3pomo.png?scale-down-to=1024&width=1247&height=546","C:\Users\??\Desktop\???????\framer-assets\images\b992342666a00cf9455adea728f79ee7fa7e6188.png"
"images","https://framerusercontent.com/images/DaWF9pinryUQd9rwFz8cxw3pomo.png?scale-down-to=512&width=1247&height=546","C:\Users\??\Desktop\???????\framer-assets\images\3cb4e019357fa1fdffeb76ddcadb2fa43db9614e.png"
"images","https://framerusercontent.com/images/DaWF9pinryUQd9rwFz8cxw3pomo.png?width=1247&height=546","C:\Users\??\Desktop\???????\framer-assets\images\56714211cdfe5990d6552c13e8144bf03b42ff91.png"
"images","https://framerusercontent.com/images/dOGoqPb2UCq4oGndLdKnzw4QZrg.png?scale-down-to=512&width=586&height=422","C:\Users\??\Desktop\???????\framer-assets\images\7a7a15eacbf01aa0f83b8ab4150b3eb56bdcecb7.png"
"images","https://framerusercontent.com/images/dOGoqPb2UCq4oGndLdKnzw4QZrg.png?width=586&height=422","C:\Users\??\Desktop\???????\framer-assets\images\247c59aaebfb325568a13a5be52b0b1e6df850fc.png"
"images","https://framerusercontent.com/images/DOUHINdxg18wEHAxM3rVMwcAgA4.png?scale-down-to=1024&width=4028&height=2104","C:\Users\??\Desktop\???????\framer-assets\images\51516781d2ef2b1fb44b8765ad08b33a28731cec.png"
"images","https://framerusercontent.com/images/DOUHINdxg18wEHAxM3rVMwcAgA4.png?scale-down-to=2048&width=4028&height=2104","C:\Users\??\Desktop\???????\framer-assets\images\3423d642ac58ca9d456535f72569b6ec844c8f0f.png"
"images","https://framerusercontent.com/images/DOUHINdxg18wEHAxM3rVMwcAgA4.png?scale-down-to=512&width=4028&height=2104","C:\Users\??\Desktop\???????\framer-assets\images\ebfb7fdc9eda199a1bf94e9aa73cc7025d263834.png"
"images","https://framerusercontent.com/images/DOUHINdxg18wEHAxM3rVMwcAgA4.png?width=4028&height=2104","C:\Users\??\Desktop\???????\framer-assets\images\301318464d7023e67f159923f6f3a9a36b859656.png"
"images","https://framerusercontent.com/images/dQobThhJRrPlUVopykxheJ7xYFE.png?scale-down-to=1024&width=1813&height=589","C:\Users\??\Desktop\???????\framer-assets\images\7930b36ac5022d3435ea3915d6086801cacbf2a4.png"
"images","https://framerusercontent.com/images/dQobThhJRrPlUVopykxheJ7xYFE.png?scale-down-to=512&width=1813&height=589","C:\Users\??\Desktop\???????\framer-assets\images\1c22a18fbe8ac9c88c9965a46a2edd41f7ff29b5.png"
"images","https://framerusercontent.com/images/dQobThhJRrPlUVopykxheJ7xYFE.png?width=1813&height=589","C:\Users\??\Desktop\???????\framer-assets\images\c7b5b198ecbcc9e0361162f40233915523116c0c.png"
"images","https://framerusercontent.com/images/dskxpzmHce7hOQnFh65E9h9zxA.png?scale-down-to=512&width=867&height=309","C:\Users\??\Desktop\???????\framer-assets\images\77c368e78463f8808340b9157fcf93bb43b18a17.png"
"images","https://framerusercontent.com/images/dskxpzmHce7hOQnFh65E9h9zxA.png?width=867&height=309","C:\Users\??\Desktop\???????\framer-assets\images\7dd2bb204b522159d094e60019aac1c533269a03.png"
"images","https://framerusercontent.com/images/dUEbGYlbnSRdX95iaAH31IDEtA.png?scale-down-to=1024&width=1076&height=845","C:\Users\??\Desktop\???????\framer-assets\images\54469a6662f5f4fd6d8e3ce3591515107b4a70a3.png"
"images","https://framerusercontent.com/images/dUEbGYlbnSRdX95iaAH31IDEtA.png?scale-down-to=512&width=1076&height=845","C:\Users\??\Desktop\???????\framer-assets\images\1fad553472e74486e093dc47098ed66b65378cfc.png"
"images","https://framerusercontent.com/images/dUEbGYlbnSRdX95iaAH31IDEtA.png?width=1076&height=845","C:\Users\??\Desktop\???????\framer-assets\images\b5e492fed08a148592b0c1046d1a532b9e9ec635.png"
"images","https://framerusercontent.com/images/edMUUyK33JFUmSzhXR50TPg95CY.png?scale-down-to=512&width=875&height=863","C:\Users\??\Desktop\???????\framer-assets\images\8e7a6b0d2befa1950ff2115659b32913eeaf5189.png"
"images","https://framerusercontent.com/images/edMUUyK33JFUmSzhXR50TPg95CY.png?width=875&height=863","C:\Users\??\Desktop\???????\framer-assets\images\3481cabd3205746d092e3c5502bb5c105650078a.png"
"images","https://framerusercontent.com/images/EjnXXPCTWXZ76NVTNmnM6jFfwo.png?scale-down-to=1024&width=1440&height=1024","C:\Users\??\Desktop\???????\framer-assets\images\786ccf80ccc01d9b4c92b26640c72007dba53e28.png"
"images","https://framerusercontent.com/images/EjnXXPCTWXZ76NVTNmnM6jFfwo.png?scale-down-to=512&width=1440&height=1024","C:\Users\??\Desktop\???????\framer-assets\images\f030a1fdd641c70707acf48aa14425b50038a3a7.png"
"images","https://framerusercontent.com/images/EjnXXPCTWXZ76NVTNmnM6jFfwo.png?width=1440&height=1024","C:\Users\??\Desktop\???????\framer-assets\images\cce5db55b31542f83437e42ab2a3ffd4418e69f5.png"
"images","https://framerusercontent.com/images/EP8gjUbEDz6pJ7vjkilqjNtbOzY.png?scale-down-to=512&width=801&height=770","C:\Users\??\Desktop\???????\framer-assets\images\c625a9a963ef87bc17e4a3fd7283426cd322b57c.png"
"images","https://framerusercontent.com/images/EP8gjUbEDz6pJ7vjkilqjNtbOzY.png?width=801&height=770","C:\Users\??\Desktop\???????\framer-assets\images\438abe3d779a1f660f49cab1fbb9aece40d8519c.png"
"images","https://framerusercontent.com/images/esrV4lyyi8Q7f1KwiFWtxRsbeA.png?width=260&height=534","C:\Users\??\Desktop\???????\framer-assets\images\b349e130594b3ea5342dfa774917d7cf582cc812.png"
"images","https://framerusercontent.com/images/EXGy1Q5dtmbCI2akdg3T6c53tXY.png?scale-down-to=1024&width=1041&height=298","C:\Users\??\Desktop\???????\framer-assets\images\186dc3ae870fd99c06c6e68a8c431403c4d012b1.png"
"images","https://framerusercontent.com/images/EXGy1Q5dtmbCI2akdg3T6c53tXY.png?scale-down-to=512&width=1041&height=298","C:\Users\??\Desktop\???????\framer-assets\images\852537d658a02915ef5d1d8154534e3060bbc368.png"
"images","https://framerusercontent.com/images/EXGy1Q5dtmbCI2akdg3T6c53tXY.png?width=1041&height=298","C:\Users\??\Desktop\???????\framer-assets\images\30810656e28623dcffdd5669b3d6603ae130054d.png"
"images","https://framerusercontent.com/images/EYtSVINJMo8mKDrhOYTq6IHxsDc.jpg?scale-down-to=1024&width=2000&height=1125","C:\Users\??\Desktop\???????\framer-assets\images\aadbf9e057e1a0906cc97f31f6e975f577602beb.jpg"
"images","https://framerusercontent.com/images/EYtSVINJMo8mKDrhOYTq6IHxsDc.jpg?scale-down-to=512&width=2000&height=1125","C:\Users\??\Desktop\???????\framer-assets\images\6a5bdddafd9783ed53a7bb72f295873fbe13c3b3.jpg"
"images","https://framerusercontent.com/images/EYtSVINJMo8mKDrhOYTq6IHxsDc.jpg?width=2000&height=1125","C:\Users\??\Desktop\???????\framer-assets\images\1a49a56a595edf30f54b00a5547d495e074389b7.jpg"
"images","https://framerusercontent.com/images/fQ5vvv4bCd5bp4EfKfVnr8bRZc.png?scale-down-to=512&width=664&height=651","C:\Users\??\Desktop\???????\framer-assets\images\b305495724f5211bf63ac68ca360526304a197a2.png"
"images","https://framerusercontent.com/images/fQ5vvv4bCd5bp4EfKfVnr8bRZc.png?width=664&height=651","C:\Users\??\Desktop\???????\framer-assets\images\abfbb25869f710fb242d7441ce77a95df021ad48.png"
"images","https://framerusercontent.com/images/Fr6j84ZGirzIJBQ2kJAuc6He8U.png?scale-down-to=512&width=700&height=574","C:\Users\??\Desktop\???????\framer-assets\images\d3e5fa976815a726ca41ee35f83a6a7484cd8c74.png"
"images","https://framerusercontent.com/images/Fr6j84ZGirzIJBQ2kJAuc6He8U.png?width=700&height=574","C:\Users\??\Desktop\???????\framer-assets\images\5a194480daae1010ec7ec4e0cbfe9506c2d91cb8.png"
"images","https://framerusercontent.com/images/FsEH73nDvmRZ4nkFI4v8Fpp42Lc.png?scale-down-to=1024&width=2560&height=1520","C:\Users\??\Desktop\???????\framer-assets\images\829a6e5d9d13042799e0e927a65f4a4c567423b1.png"
"images","https://framerusercontent.com/images/FsEH73nDvmRZ4nkFI4v8Fpp42Lc.png?scale-down-to=2048&width=2560&height=1520","C:\Users\??\Desktop\???????\framer-assets\images\9cd5daf19cac789244601e6964c427492ad4c560.png"
"images","https://framerusercontent.com/images/FsEH73nDvmRZ4nkFI4v8Fpp42Lc.png?scale-down-to=512&width=2560&height=1520","C:\Users\??\Desktop\???????\framer-assets\images\8c9d972a8f1ff142d59e7d3ded948a9487bb241d.png"
"images","https://framerusercontent.com/images/FsEH73nDvmRZ4nkFI4v8Fpp42Lc.png?width=2560&height=1520","C:\Users\??\Desktop\???????\framer-assets\images\578bded2b16b649445c5a6cc10148de4b028299a.png"
"images","https://framerusercontent.com/images/fv0y4wQlAbfLlQiS5pD8e0E0AI.png?scale-down-to=1024&width=2092&height=1698","C:\Users\??\Desktop\???????\framer-assets\images\2f876987dd58e4fa00d45ebd4b96a26fe4f159ce.png"
"images","https://framerusercontent.com/images/fv0y4wQlAbfLlQiS5pD8e0E0AI.png?scale-down-to=2048&width=2092&height=1698","C:\Users\??\Desktop\???????\framer-assets\images\8ec3cf0d570a1c0c569531365598ea8ff1ce3d42.png"
"images","https://framerusercontent.com/images/fv0y4wQlAbfLlQiS5pD8e0E0AI.png?scale-down-to=512&width=2092&height=1698","C:\Users\??\Desktop\???????\framer-assets\images\f94ad9f8f219e5f9a8427e76cadac6d56dc7aa2c.png"
"images","https://framerusercontent.com/images/fv0y4wQlAbfLlQiS5pD8e0E0AI.png?width=2092&height=1698","C:\Users\??\Desktop\???????\framer-assets\images\32e5aee7ec9b38447e93967b911aa3777d108cfb.png"
"images","https://framerusercontent.com/images/g6l4eY5U28Jh2SwnI04VFMS3LVU.jpg?scale-down-to=1024&width=8000&height=3600","C:\Users\??\Desktop\???????\framer-assets\images\961779f25884993a5902652bd3ecb329f3d63d7e.jpg"
"images","https://framerusercontent.com/images/g6l4eY5U28Jh2SwnI04VFMS3LVU.jpg?scale-down-to=2048&width=8000&height=3600","C:\Users\??\Desktop\???????\framer-assets\images\53a6619e6320e426445c0f6241c6393baa591113.jpg"
"images","https://framerusercontent.com/images/g6l4eY5U28Jh2SwnI04VFMS3LVU.jpg?scale-down-to=4096&width=8000&height=3600","C:\Users\??\Desktop\???????\framer-assets\images\17ed8b435026ead7fbe6c88b9005f40e8fef81d8.jpg"
"images","https://framerusercontent.com/images/g6l4eY5U28Jh2SwnI04VFMS3LVU.jpg?scale-down-to=512&width=8000&height=3600","C:\Users\??\Desktop\???????\framer-assets\images\07a547cf3cd40a9e8e3887916244b84d42d00651.jpg"
"images","https://framerusercontent.com/images/g6l4eY5U28Jh2SwnI04VFMS3LVU.jpg?width=8000&height=3600","C:\Users\??\Desktop\???????\framer-assets\images\182394c0d5cca71d7c4379f80af4d7a45e257d1c.jpg"
"images","https://framerusercontent.com/images/Gb486L3gFVulmanMZhwnowZi63w.png?scale-down-to=1024&width=2440&height=376","C:\Users\??\Desktop\???????\framer-assets\images\8c7d208f0916d658a686d890dc8a5faa1e1c29e4.png"
"images","https://framerusercontent.com/images/Gb486L3gFVulmanMZhwnowZi63w.png?scale-down-to=2048&width=2440&height=376","C:\Users\??\Desktop\???????\framer-assets\images\7f68cca4dc7c7dfd96ca3dabc7a219f5afda0c33.png"
"images","https://framerusercontent.com/images/Gb486L3gFVulmanMZhwnowZi63w.png?scale-down-to=512&width=2440&height=376","C:\Users\??\Desktop\???????\framer-assets\images\737423f23aabaff4ef58f2b69961179ec951745c.png"
"images","https://framerusercontent.com/images/Gb486L3gFVulmanMZhwnowZi63w.png?width=2440&height=376","C:\Users\??\Desktop\???????\framer-assets\images\39c57feb914fc1ec121c56f373082c9159d742e3.png"
"images","https://framerusercontent.com/images/Gk1oC6K7UhsK1ZkafCYNo1r7rLw.png?scale-down-to=1024&width=1188&height=1553","C:\Users\??\Desktop\???????\framer-assets\images\72a60a1a8788d14ea404d87e58fef97003ce8bb7.png"
"images","https://framerusercontent.com/images/Gk1oC6K7UhsK1ZkafCYNo1r7rLw.png?width=1188&height=1553","C:\Users\??\Desktop\???????\framer-assets\images\8bb573b2c0377170b0f1d5a2e1490c2c7374fbf8.png"
"images","https://framerusercontent.com/images/gmh19j5hAT21HS2N8OgzqYoUCic.png?scale-down-to=1024&width=2822&height=1206","C:\Users\??\Desktop\???????\framer-assets\images\f1445497a31f8afcc31697f889c7218fbb47cc85.png"
"images","https://framerusercontent.com/images/gmh19j5hAT21HS2N8OgzqYoUCic.png?scale-down-to=2048&width=2822&height=1206","C:\Users\??\Desktop\???????\framer-assets\images\c4d5ea89bc088006a071faa1a02a07ffecd8d337.png"
"images","https://framerusercontent.com/images/gmh19j5hAT21HS2N8OgzqYoUCic.png?scale-down-to=512&width=2822&height=1206","C:\Users\??\Desktop\???????\framer-assets\images\a182f64deac177dff9dd5152fb505bd02b141c03.png"
"images","https://framerusercontent.com/images/gmh19j5hAT21HS2N8OgzqYoUCic.png?width=2822&height=1206","C:\Users\??\Desktop\???????\framer-assets\images\f1f1b3fd3c6f921ab73524efa128d6b7f8c377e9.png"
"images","https://framerusercontent.com/images/GUERmJCkFvGqm2qIUc0OnnFAU.png?width=390&height=801","C:\Users\??\Desktop\???????\framer-assets\images\7ffd6ce86989488819a352e6689f26fe35c67d8f.png"
"images","https://framerusercontent.com/images/H4bXkWVMB18SCaNe52ACHEQa0ms.png?scale-down-to=512&width=900&height=501","C:\Users\??\Desktop\???????\framer-assets\images\e3796e524d53d29088df7ce6cdbb1bf05bac5857.png"
"images","https://framerusercontent.com/images/H4bXkWVMB18SCaNe52ACHEQa0ms.png?width=900&height=501","C:\Users\??\Desktop\???????\framer-assets\images\fa40df93c28e82421c26eaa13c2402a9fc24611e.png"
"images","https://framerusercontent.com/images/h67m1xKiCR9uxldNTUwsvJy7Q.png?width=260&height=534","C:\Users\??\Desktop\???????\framer-assets\images\a3bb5525571e00ec61f95181887af00e210a304a.png"
"images","https://framerusercontent.com/images/H7dOAkZTgbJjYSArBNMxdMvIc.png?scale-down-to=512&width=603&height=175","C:\Users\??\Desktop\???????\framer-assets\images\22e37c1616f7c662ad747213a7be7176541b7d87.png"
"images","https://framerusercontent.com/images/H7dOAkZTgbJjYSArBNMxdMvIc.png?width=603&height=175","C:\Users\??\Desktop\???????\framer-assets\images\3f5a428f4aae5de9fdf78b2b881c4eb6ec43c2c8.png"
"images","https://framerusercontent.com/images/hCEQAFHFJjJ8nEpNAF9dtBkFY.png?scale-down-to=1024&width=3302&height=1920","C:\Users\??\Desktop\???????\framer-assets\images\7d9853cbe846196258f4e59a9b089d0cf995c3e2.png"
"images","https://framerusercontent.com/images/hCEQAFHFJjJ8nEpNAF9dtBkFY.png?scale-down-to=2048&width=3302&height=1920","C:\Users\??\Desktop\???????\framer-assets\images\1f129c02e53b4ee475d43fe668b22ce864d5425e.png"
"images","https://framerusercontent.com/images/hCEQAFHFJjJ8nEpNAF9dtBkFY.png?scale-down-to=512&width=3302&height=1920","C:\Users\??\Desktop\???????\framer-assets\images\96b96db7e3f240776abfc8bd4b6d328c19943171.png"
"images","https://framerusercontent.com/images/hCEQAFHFJjJ8nEpNAF9dtBkFY.png?width=3302&height=1920","C:\Users\??\Desktop\???????\framer-assets\images\6a904de1906d34f3cf29f4186873a42e74d89b22.png"
"images","https://framerusercontent.com/images/HCw7H9f6xQimS1H6abcyXsiWy0U.png?scale-down-to=512&width=1000&height=562","C:\Users\??\Desktop\???????\framer-assets\images\7f3732cb644b205110b59c68603d91975395b200.png"
"images","https://framerusercontent.com/images/HCw7H9f6xQimS1H6abcyXsiWy0U.png?width=1000&height=562","C:\Users\??\Desktop\???????\framer-assets\images\3d9136506f9a67fab081f8e3635c9f3731ae1796.png"
"images","https://framerusercontent.com/images/HeeI0RIOAz4dAzR0KVrARozBUgA.png?scale-down-to=1024&width=1217&height=778","C:\Users\??\Desktop\???????\framer-assets\images\00f62b5d8cd61abfac0244de73370e2501864d2c.png"
"images","https://framerusercontent.com/images/HeeI0RIOAz4dAzR0KVrARozBUgA.png?scale-down-to=512&width=1217&height=778","C:\Users\??\Desktop\???????\framer-assets\images\cc07a5fbd6dda44299a25d0fd744f525d9505920.png"
"images","https://framerusercontent.com/images/HeeI0RIOAz4dAzR0KVrARozBUgA.png?width=1217&height=778","C:\Users\??\Desktop\???????\framer-assets\images\42d243e5fab64c2e2ef275ec138a184feb598268.png"
"images","https://framerusercontent.com/images/hkLHs8uQAYXqcUU8b7cgPjqsDok.png?scale-down-to=1024&width=1511&height=1819","C:\Users\??\Desktop\???????\framer-assets\images\29dfdb270e9b674ec587248426ac04575b2e6730.png"
"images","https://framerusercontent.com/images/hkLHs8uQAYXqcUU8b7cgPjqsDok.png?width=1511&height=1819","C:\Users\??\Desktop\???????\framer-assets\images\c174adeb08540382603dbd735a9b3d177dba666c.png"
"images","https://framerusercontent.com/images/i4CNkPGEjkbsZSoFUgu4s24JegE.png?width=260&height=534","C:\Users\??\Desktop\???????\framer-assets\images\13ebd6303ee8c5dc2a7e9592828de8b5c1af75c4.png"
"images","https://framerusercontent.com/images/Ifa1N7Ts2TG8MDR2dtatCHKio.png?scale-down-to=512&width=546&height=273","C:\Users\??\Desktop\???????\framer-assets\images\71a45feb44a501a71fa32e2360320638fcec94c8.png"
"images","https://framerusercontent.com/images/Ifa1N7Ts2TG8MDR2dtatCHKio.png?width=546&height=273","C:\Users\??\Desktop\???????\framer-assets\images\03206a6eec0ab00994f9861a005553083838358d.png"
"images","https://framerusercontent.com/images/IifzBH22UcJGFHRRx70PCqkdII.png?scale-down-to=512&width=914&height=392","C:\Users\??\Desktop\???????\framer-assets\images\4fbb71817bc270a121a846cc7da997b01ac3e2e7.png"
"images","https://framerusercontent.com/images/IifzBH22UcJGFHRRx70PCqkdII.png?width=914&height=392","C:\Users\??\Desktop\???????\framer-assets\images\1b77f96c64ac5e712ed86cd973172c0a7bc0d28a.png"
"images","https://framerusercontent.com/images/ijmC5nsu3ZynOTyluGGdxbLT058.jpg?scale-down-to=1024&width=8000&height=3600","C:\Users\??\Desktop\???????\framer-assets\images\fca2f607679519e34e61dbea4b569b9b98332ff0.jpg"
"images","https://framerusercontent.com/images/ijmC5nsu3ZynOTyluGGdxbLT058.jpg?scale-down-to=2048&width=8000&height=3600","C:\Users\??\Desktop\???????\framer-assets\images\17aafc37c06456cddd5fc792489198099a2b263b.jpg"
"images","https://framerusercontent.com/images/ijmC5nsu3ZynOTyluGGdxbLT058.jpg?scale-down-to=4096&width=8000&height=3600","C:\Users\??\Desktop\???????\framer-assets\images\50e205aaf4f1ddbe7ec8c1d3b25a5608d3374b73.jpg"
"images","https://framerusercontent.com/images/ijmC5nsu3ZynOTyluGGdxbLT058.jpg?scale-down-to=512&width=8000&height=3600","C:\Users\??\Desktop\???????\framer-assets\images\5221b8d998fcb087901bd72f68fd9e3b34de65e9.jpg"
"images","https://framerusercontent.com/images/ijmC5nsu3ZynOTyluGGdxbLT058.jpg?width=8000&height=3600","C:\Users\??\Desktop\???????\framer-assets\images\734124733fc1c29039d94f4e1379cc8624fbca0b.jpg"
"images","https://framerusercontent.com/images/Ilfv10Dyj1pbjWeq6Jq9CgBv7sE.png?scale-down-to=1024&width=1446&height=984","C:\Users\??\Desktop\???????\framer-assets\images\06b40a2e2d761ad5edaa95547a9eab79c1325a9e.png"
"images","https://framerusercontent.com/images/Ilfv10Dyj1pbjWeq6Jq9CgBv7sE.png?scale-down-to=512&width=1446&height=984","C:\Users\??\Desktop\???????\framer-assets\images\a3d92ef4d981af2dd1fc15c1d7b5a1799848ec09.png"
"images","https://framerusercontent.com/images/Ilfv10Dyj1pbjWeq6Jq9CgBv7sE.png?width=1446&height=984","C:\Users\??\Desktop\???????\framer-assets\images\c0bf9090252ffed50f1a0f6e30faad2cfa1ba75c.png"
"images","https://framerusercontent.com/images/imjzAqQTyqkhY40WUhKPHKHBvnk.png?scale-down-to=1024&width=1182&height=254","C:\Users\??\Desktop\???????\framer-assets\images\dc6fd6d19442a6d4236560598c42641e465577f0.png"
"images","https://framerusercontent.com/images/imjzAqQTyqkhY40WUhKPHKHBvnk.png?scale-down-to=512&width=1182&height=254","C:\Users\??\Desktop\???????\framer-assets\images\8c1a22daa407c26cc780d4204a38e330f003be94.png"
"images","https://framerusercontent.com/images/imjzAqQTyqkhY40WUhKPHKHBvnk.png?width=1182&height=254","C:\Users\??\Desktop\???????\framer-assets\images\f5e326b42ceb123fcf614d447c1c424ae2946358.png"
"images","https://framerusercontent.com/images/ItPmwAxKXMB5MUpUYhHjtzHM9E.png?scale-down-to=1024&width=1776&height=1748","C:\Users\??\Desktop\???????\framer-assets\images\4b50b123623caaf020bafaaed2bbc078832899c6.png"
"images","https://framerusercontent.com/images/ItPmwAxKXMB5MUpUYhHjtzHM9E.png?scale-down-to=512&width=1776&height=1748","C:\Users\??\Desktop\???????\framer-assets\images\23080eca0f5a0a8f4d31a96897cd649f5e7faabb.png"
"images","https://framerusercontent.com/images/ItPmwAxKXMB5MUpUYhHjtzHM9E.png?width=1776&height=1748","C:\Users\??\Desktop\???????\framer-assets\images\e170301fd8cc341588840a663f2c940611f1d986.png"
"images","https://framerusercontent.com/images/IwGHbvqATIMHYoQtFVU8Ns8aRM.png?scale-down-to=512&width=988&height=380","C:\Users\??\Desktop\???????\framer-assets\images\fcd167c18b6a8bcef00c18f00abccd10ee9af8ce.png"
"images","https://framerusercontent.com/images/IwGHbvqATIMHYoQtFVU8Ns8aRM.png?width=988&height=380","C:\Users\??\Desktop\???????\framer-assets\images\8a696f123c629c47be414eda909060ab13fb6be5.png"
"images","https://framerusercontent.com/images/IWwTLYrnzr248Lr1mDS4oLrupI.png?scale-down-to=1024&width=2560&height=1520","C:\Users\??\Desktop\???????\framer-assets\images\d00da36eba4bdaeb90d29f243b0d6efc1b615ba3.png"
"images","https://framerusercontent.com/images/IWwTLYrnzr248Lr1mDS4oLrupI.png?scale-down-to=2048&width=2560&height=1520","C:\Users\??\Desktop\???????\framer-assets\images\eda6ffa66e5ace5ec4530ffb639f3d8784685de9.png"
"images","https://framerusercontent.com/images/IWwTLYrnzr248Lr1mDS4oLrupI.png?scale-down-to=512&width=2560&height=1520","C:\Users\??\Desktop\???????\framer-assets\images\225e45f1e27df4a93aeab69909ef8961d90721a7.png"
"images","https://framerusercontent.com/images/IWwTLYrnzr248Lr1mDS4oLrupI.png?width=2560&height=1520","C:\Users\??\Desktop\???????\framer-assets\images\d810dded2e769c21f8db7ba27d76722e94a3c37d.png"
"images","https://framerusercontent.com/images/iXzbHe3B5nxOIfn5xqiZevt4.png?scale-down-to=1024&width=1840&height=939","C:\Users\??\Desktop\???????\framer-assets\images\153a70f257bc86a990795b2107b928d9773fab51.png"
"images","https://framerusercontent.com/images/iXzbHe3B5nxOIfn5xqiZevt4.png?scale-down-to=512&width=1840&height=939","C:\Users\??\Desktop\???????\framer-assets\images\65e18fb4f1d1e7a64258b01c9baf064281f948e4.png"
"images","https://framerusercontent.com/images/iXzbHe3B5nxOIfn5xqiZevt4.png?width=1840&height=939","C:\Users\??\Desktop\???????\framer-assets\images\c25674b0bf70f525c22911fbf5343be2aa439619.png"
"images","https://framerusercontent.com/images/j0BJ52QroHZ9GNnUFYRGKUeEnPs.png?scale-down-to=1024&width=857&height=1227","C:\Users\??\Desktop\???????\framer-assets\images\038b048aa759d5bd9eaf4fb27aeb5b9889f85ee2.png"
"images","https://framerusercontent.com/images/j0BJ52QroHZ9GNnUFYRGKUeEnPs.png?width=857&height=1227","C:\Users\??\Desktop\???????\framer-assets\images\230be045efbfe0922d1a7719dc1c67095f348b31.png"
"images","https://framerusercontent.com/images/j2bis728jW8N0kxroWZRtN8SMMQ.png?scale-down-to=1024&width=1170&height=402","C:\Users\??\Desktop\???????\framer-assets\images\6836c43f69cab04b891ee266aef89ef7e0b1fdf1.png"
"images","https://framerusercontent.com/images/j2bis728jW8N0kxroWZRtN8SMMQ.png?scale-down-to=512&width=1170&height=402","C:\Users\??\Desktop\???????\framer-assets\images\541b4a71358b69b45c4b9f9193218c6c57ba7ef0.png"
"images","https://framerusercontent.com/images/j2bis728jW8N0kxroWZRtN8SMMQ.png?width=1170&height=402","C:\Users\??\Desktop\???????\framer-assets\images\96d21119e7c4078c307a63377b7d633dbe4d78c8.png"
"images","https://framerusercontent.com/images/J3wZ3pDVAWF4BD8f94TzOSqkRk.png?scale-down-to=512&width=876&height=852","C:\Users\??\Desktop\???????\framer-assets\images\e8cc5b671e07894189861b1b227c7de937792efc.png"
"images","https://framerusercontent.com/images/J3wZ3pDVAWF4BD8f94TzOSqkRk.png?width=876&height=852","C:\Users\??\Desktop\???????\framer-assets\images\de15468bc22d5c9ef56cbe03a29c9ab1dd1b643d.png"
"images","https://framerusercontent.com/images/j84hxsMpyjf8mcYJK7MzuOFZs.png?scale-down-to=1024&width=3421&height=578","C:\Users\??\Desktop\???????\framer-assets\images\6f5ad327f605a2fa985e35053ec3d16379daca5c.png"
"images","https://framerusercontent.com/images/j84hxsMpyjf8mcYJK7MzuOFZs.png?scale-down-to=2048&width=3421&height=578","C:\Users\??\Desktop\???????\framer-assets\images\3d3cf79b51e5ca19835726c5923e474fb9fd32a8.png"
"images","https://framerusercontent.com/images/j84hxsMpyjf8mcYJK7MzuOFZs.png?scale-down-to=512&width=3421&height=578","C:\Users\??\Desktop\???????\framer-assets\images\f0aebc72542449396d185a628cd8cde7956586b0.png"
"images","https://framerusercontent.com/images/j84hxsMpyjf8mcYJK7MzuOFZs.png?width=3421&height=578","C:\Users\??\Desktop\???????\framer-assets\images\0bc9cd759c554c1e5537ba810d083f5adf5d7f2c.png"
"images","https://framerusercontent.com/images/JBHTeF99MMl02E7H0MHomYF336M.png?width=805&height=845","C:\Users\??\Desktop\???????\framer-assets\images\f0580231311e32f8fd3453733f05c398e72c30e4.png"
"images","https://framerusercontent.com/images/jKRuYI7Tts7p0vt54clRi69Nx28.png?scale-down-to=512&width=849&height=356","C:\Users\??\Desktop\???????\framer-assets\images\2a755a5f6cef2090415255383e1c0c0558c456fd.png"
"images","https://framerusercontent.com/images/jKRuYI7Tts7p0vt54clRi69Nx28.png?width=849&height=356","C:\Users\??\Desktop\???????\framer-assets\images\916faa1e49e9d15aa6fe8a55cf45016f04f7a588.png"
"images","https://framerusercontent.com/images/jtIpXHo2NQ6MZnmONl9Gsyw.png?scale-down-to=1024&width=2497&height=1386","C:\Users\??\Desktop\???????\framer-assets\images\1bbebf4181b2fa66807c996e02ff5aee4d65f5b8.png"
"images","https://framerusercontent.com/images/jtIpXHo2NQ6MZnmONl9Gsyw.png?scale-down-to=2048&width=2497&height=1386","C:\Users\??\Desktop\???????\framer-assets\images\9ba59c4c2486935a12c48f43cc68842db8264172.png"
"images","https://framerusercontent.com/images/jtIpXHo2NQ6MZnmONl9Gsyw.png?scale-down-to=512&width=2497&height=1386","C:\Users\??\Desktop\???????\framer-assets\images\7aceb2ec6a395301a5d47a31cf92a16b69693289.png"
"images","https://framerusercontent.com/images/jtIpXHo2NQ6MZnmONl9Gsyw.png?width=2497&height=1386","C:\Users\??\Desktop\???????\framer-assets\images\3ff1df5774d70f0c8a13dabffd6f9b6d038e2c5e.png"
"images","https://framerusercontent.com/images/K1RYnsKGucQm89KgVwG0jC2m1RA.png?scale-down-to=1024&width=1456&height=436","C:\Users\??\Desktop\???????\framer-assets\images\2125d74bd0e88575f30191c488161cb0614026c3.png"
"images","https://framerusercontent.com/images/K1RYnsKGucQm89KgVwG0jC2m1RA.png?scale-down-to=512&width=1456&height=436","C:\Users\??\Desktop\???????\framer-assets\images\4f593dd69d8c514ea1b753fde51059cf64f9427b.png"
"images","https://framerusercontent.com/images/K1RYnsKGucQm89KgVwG0jC2m1RA.png?width=1456&height=436","C:\Users\??\Desktop\???????\framer-assets\images\58e76814069dd3eb13e137479a88e7f64b7abeff.png"
"images","https://framerusercontent.com/images/K4EhvQaQRHx4v8Oe6n7ssOvw.jpg?width=498&height=498","C:\Users\??\Desktop\???????\framer-assets\images\219c18200500043bc20818d114dd7b0361002d65.jpg"
"images","https://framerusercontent.com/images/kgYTBLwIIzDRiwd60kfJwcsTLo.png?scale-down-to=1024&width=6000&height=4500","C:\Users\??\Desktop\???????\framer-assets\images\5b3bd482a53964ccee22f383d32f7941fc1c4672.png"
"images","https://framerusercontent.com/images/kgYTBLwIIzDRiwd60kfJwcsTLo.png?scale-down-to=2048&width=6000&height=4500","C:\Users\??\Desktop\???????\framer-assets\images\ab3cbdbce390f1c6faa8bc7e1a6b93a0692c4b0a.png"
"images","https://framerusercontent.com/images/kgYTBLwIIzDRiwd60kfJwcsTLo.png?scale-down-to=4096&width=6000&height=4500","C:\Users\??\Desktop\???????\framer-assets\images\a7f0f4a113321273c5e058da8d654119aed6103a.png"
"images","https://framerusercontent.com/images/kgYTBLwIIzDRiwd60kfJwcsTLo.png?scale-down-to=512&width=6000&height=4500","C:\Users\??\Desktop\???????\framer-assets\images\5b11313f7bf9f8acd39bb61fb82dfe8954b90739.png"
"images","https://framerusercontent.com/images/kgYTBLwIIzDRiwd60kfJwcsTLo.png?width=6000&height=4500","C:\Users\??\Desktop\???????\framer-assets\images\61bf57fc290ac1c8e697603f1b95126eaafe2d4b.png"
"images","https://framerusercontent.com/images/KqRNIcENP1Sy5euuhZ2XDdMetw.png?width=260&height=534","C:\Users\??\Desktop\???????\framer-assets\images\cbfc946217894fd03b412b05a3796251631012e2.png"
"images","https://framerusercontent.com/images/KYzy6XqFph4cYFCPoG7loan1YpE.png?scale-down-to=1024&width=1482&height=1494","C:\Users\??\Desktop\???????\framer-assets\images\22300f8ee5bb870031b40672771b66265e3d1f71.png"
"images","https://framerusercontent.com/images/KYzy6XqFph4cYFCPoG7loan1YpE.png?width=1482&height=1494","C:\Users\??\Desktop\???????\framer-assets\images\a96f52fde2f46c05197ef3fa6aed241c516c7ce5.png"
"images","https://framerusercontent.com/images/lJNVptfDTKfypxjFPISJW53bgE.png?scale-down-to=1024&width=1290&height=1710","C:\Users\??\Desktop\???????\framer-assets\images\beef617b8722f812fd99a4e40519c3927d5b80f2.png"
"images","https://framerusercontent.com/images/lJNVptfDTKfypxjFPISJW53bgE.png?width=1290&height=1710","C:\Users\??\Desktop\???????\framer-assets\images\c0347094aeccaf797397cd7b1e51950ea8718762.png"
"images","https://framerusercontent.com/images/lO39oT022dJ3Hd9fjJWYzLTnJ4.png?scale-down-to=1024&width=1500&height=902","C:\Users\??\Desktop\???????\framer-assets\images\27346858041563e2871c91de1828d152e9577dbc.png"
"images","https://framerusercontent.com/images/lO39oT022dJ3Hd9fjJWYzLTnJ4.png?scale-down-to=512&width=1500&height=902","C:\Users\??\Desktop\???????\framer-assets\images\0d78c1887111afe12a034ecdc28ae490fe6f067d.png"
"images","https://framerusercontent.com/images/lO39oT022dJ3Hd9fjJWYzLTnJ4.png?width=1500&height=902","C:\Users\??\Desktop\???????\framer-assets\images\be9365ca90faaa9c4d6a4e5182b328c238cc3ef2.png"
"images","https://framerusercontent.com/images/LVS0hgeeGTuE8XvXVRf8xiZOFQ.png?width=594&height=870","C:\Users\??\Desktop\???????\framer-assets\images\58ef9d601df9a603aa776d99d93b0d2b7465b240.png"
"images","https://framerusercontent.com/images/Md7YyBBR7zw33vzD18LdK6NtvOA.png?scale-down-to=1024&width=2560&height=1520","C:\Users\??\Desktop\???????\framer-assets\images\e1e1d0a7568f62342de7e5129628ca5cb628efba.png"
"images","https://framerusercontent.com/images/Md7YyBBR7zw33vzD18LdK6NtvOA.png?scale-down-to=2048&width=2560&height=1520","C:\Users\??\Desktop\???????\framer-assets\images\6352c1e57e16db908d1ebb5c7384c2da74a174fb.png"
"images","https://framerusercontent.com/images/Md7YyBBR7zw33vzD18LdK6NtvOA.png?scale-down-to=512&width=2560&height=1520","C:\Users\??\Desktop\???????\framer-assets\images\638281a3c3b26698011662cda3d10ab761fa09fa.png"
"images","https://framerusercontent.com/images/Md7YyBBR7zw33vzD18LdK6NtvOA.png?width=2560&height=1520","C:\Users\??\Desktop\???????\framer-assets\images\d4485ee34a100a5f9cebf1cddbaaa8ab03b4d746.png"
"images","https://framerusercontent.com/images/MdeRMq0DxOomcXfruWuqvEdkA.png?scale-down-to=1024&width=9900&height=5994","C:\Users\??\Desktop\???????\framer-assets\images\cccfd1a4c75e4e67f5a05188ee85c7487f235082.png"
"images","https://framerusercontent.com/images/MdeRMq0DxOomcXfruWuqvEdkA.png?scale-down-to=2048&width=9900&height=5994","C:\Users\??\Desktop\???????\framer-assets\images\251c3dbbac3477d74d3120a10232db07b6013b71.png"
"images","https://framerusercontent.com/images/MdeRMq0DxOomcXfruWuqvEdkA.png?scale-down-to=4096&width=9900&height=5994","C:\Users\??\Desktop\???????\framer-assets\images\e3bf1a39a91727659ac9e5a7b8f6fc24898e50bd.png"
"images","https://framerusercontent.com/images/MdeRMq0DxOomcXfruWuqvEdkA.png?scale-down-to=512&width=9900&height=5994","C:\Users\??\Desktop\???????\framer-assets\images\f155fcecb995be131f4aca144346f84b0b0806e9.png"
"images","https://framerusercontent.com/images/MdeRMq0DxOomcXfruWuqvEdkA.png?width=9900&height=5994","C:\Users\??\Desktop\???????\framer-assets\images\0e9348c3cf750b5b00ab3ec032f26a2cc73e4197.png"
"images","https://framerusercontent.com/images/MdvYDQKx7ZJG11xlNXy1N5bH850.png?scale-down-to=1024&width=1120&height=1313","C:\Users\??\Desktop\???????\framer-assets\images\fa185a10f40131e943355fcaa6c679e2850c2578.png"
"images","https://framerusercontent.com/images/MdvYDQKx7ZJG11xlNXy1N5bH850.png?width=1120&height=1313","C:\Users\??\Desktop\???????\framer-assets\images\390e8d84cb339fc79c0f79498b8dcb3017cb60ff.png"
"images","https://framerusercontent.com/images/MlT3RWXFHtdDj9ChuVmPFHuNmo.jpg?scale-down-to=512&width=623&height=295","C:\Users\??\Desktop\???????\framer-assets\images\c580c92a1210c7a44eef8a03396abe44a2d26259.jpg"
"images","https://framerusercontent.com/images/MlT3RWXFHtdDj9ChuVmPFHuNmo.jpg?width=623&height=295","C:\Users\??\Desktop\???????\framer-assets\images\433dcca00511aa22b7d144cf295c37d77f986df3.jpg"
"images","https://framerusercontent.com/images/mNO205vXfV5hiQ7pEeDz0SLGak.png?scale-down-to=1024&width=2001&height=999","C:\Users\??\Desktop\???????\framer-assets\images\d0984d95679249237c5e345fbd21a2233292959d.png"
"images","https://framerusercontent.com/images/mNO205vXfV5hiQ7pEeDz0SLGak.png?scale-down-to=512&width=2001&height=999","C:\Users\??\Desktop\???????\framer-assets\images\c08585addc74111f0d3b3217bb7f5589f62d3241.png"
"images","https://framerusercontent.com/images/mNO205vXfV5hiQ7pEeDz0SLGak.png?width=2001&height=999","C:\Users\??\Desktop\???????\framer-assets\images\f07553742d577655259dd261ab5b7fa99279427a.png"
"images","https://framerusercontent.com/images/muJn7EzWv36xHQALsGI93RbZ3aY.png?scale-down-to=1024&width=5190&height=2686","C:\Users\??\Desktop\???????\framer-assets\images\c49e0bc5cf660965c003638e643859185e08cc62.png"
"images","https://framerusercontent.com/images/muJn7EzWv36xHQALsGI93RbZ3aY.png?scale-down-to=2048&width=5190&height=2686","C:\Users\??\Desktop\???????\framer-assets\images\13038fb4439c92bdbeabbd2f6eaca62603475496.png"
"images","https://framerusercontent.com/images/muJn7EzWv36xHQALsGI93RbZ3aY.png?scale-down-to=4096&width=5190&height=2686","C:\Users\??\Desktop\???????\framer-assets\images\b412ab3a5ef2d06c66f0a19751917d6ca18a9352.png"
"images","https://framerusercontent.com/images/muJn7EzWv36xHQALsGI93RbZ3aY.png?scale-down-to=512&width=5190&height=2686","C:\Users\??\Desktop\???????\framer-assets\images\9724e9706b185867198765f20c7e4383c4f72add.png"
"images","https://framerusercontent.com/images/muJn7EzWv36xHQALsGI93RbZ3aY.png?width=5190&height=2686","C:\Users\??\Desktop\???????\framer-assets\images\469b5436b54712a109f29c7244f7b455feb6839d.png"
"images","https://framerusercontent.com/images/N4HS3bxwpIixyay7Yjviu4fZ0I.png?scale-down-to=1024&width=2588&height=1634","C:\Users\??\Desktop\???????\framer-assets\images\4d3e61f93e85b10692aad2c43f9794efbef28963.png"
"images","https://framerusercontent.com/images/N4HS3bxwpIixyay7Yjviu4fZ0I.png?scale-down-to=2048&width=2588&height=1634","C:\Users\??\Desktop\???????\framer-assets\images\a0f804d012dab348f72829179b663ebf826e3e08.png"
"images","https://framerusercontent.com/images/N4HS3bxwpIixyay7Yjviu4fZ0I.png?scale-down-to=512&width=2588&height=1634","C:\Users\??\Desktop\???????\framer-assets\images\9ae3c4ca0545bd512ffeadfa03dbdb09f9180488.png"
"images","https://framerusercontent.com/images/N4HS3bxwpIixyay7Yjviu4fZ0I.png?width=2588&height=1634","C:\Users\??\Desktop\???????\framer-assets\images\6a8f41e9abea36ec8fecdb89292885bb2e9b0c61.png"
"images","https://framerusercontent.com/images/N5UwcdvYBCmphV4qCuSvz1o8JtM.png?scale-down-to=1024&width=1567&height=503","C:\Users\??\Desktop\???????\framer-assets\images\32ec71b017bbf494f511e268eb0715aea2bd17d5.png"
"images","https://framerusercontent.com/images/N5UwcdvYBCmphV4qCuSvz1o8JtM.png?scale-down-to=512&width=1567&height=503","C:\Users\??\Desktop\???????\framer-assets\images\7a1b6a86d5864e32d25bf546977ffd45eb52da28.png"
"images","https://framerusercontent.com/images/N5UwcdvYBCmphV4qCuSvz1o8JtM.png?width=1567&height=503","C:\Users\??\Desktop\???????\framer-assets\images\613a87350cf8ea4863473ee18000054c7c15bd90.png"
"images","https://framerusercontent.com/images/N8B41uCsOPa5ognSjpgwbmYpTkc.png?scale-down-to=1024&width=6000&height=4500","C:\Users\??\Desktop\???????\framer-assets\images\a842dfcdc2d860826432d526c2a47fcdfd1da124.png"
"images","https://framerusercontent.com/images/N8B41uCsOPa5ognSjpgwbmYpTkc.png?scale-down-to=2048&width=6000&height=4500","C:\Users\??\Desktop\???????\framer-assets\images\c29f912682c284b77400abde62b7579bbd8e58c5.png"
"images","https://framerusercontent.com/images/N8B41uCsOPa5ognSjpgwbmYpTkc.png?scale-down-to=4096&width=6000&height=4500","C:\Users\??\Desktop\???????\framer-assets\images\ed9c24aa5d826e895987f449fe236fb20d88cf75.png"
"images","https://framerusercontent.com/images/N8B41uCsOPa5ognSjpgwbmYpTkc.png?scale-down-to=512&width=6000&height=4500","C:\Users\??\Desktop\???????\framer-assets\images\5cda4bfe028769b7da3c4fe3728c14dae9bd20d2.png"
"images","https://framerusercontent.com/images/N8B41uCsOPa5ognSjpgwbmYpTkc.png?width=6000&height=4500","C:\Users\??\Desktop\???????\framer-assets\images\b888c714deb12399e0ae32a3e4af79963c30fa7d.png"
"images","https://framerusercontent.com/images/NF1CecPLj7aWHQcoDWEe2dXp1sE.png?width=260&height=534","C:\Users\??\Desktop\???????\framer-assets\images\2a8c39f97ac3be3075871710b3f3939c61d8df68.png"
"images","https://framerusercontent.com/images/nIGm4dHT91sYNGVRtRrzpSpG8.png?scale-down-to=512&width=531&height=208","C:\Users\??\Desktop\???????\framer-assets\images\43dc9bda041e52eb03b17c1d31397cd4a3c9423f.png"
"images","https://framerusercontent.com/images/nIGm4dHT91sYNGVRtRrzpSpG8.png?width=531&height=208","C:\Users\??\Desktop\???????\framer-assets\images\e3cca4a6e38f5e0d14fddf93839f8a9886be5970.png"
"images","https://framerusercontent.com/images/niIY1VUXdRamgXTrzqlF1TKFEs.png?width=956&height=969","C:\Users\??\Desktop\???????\framer-assets\images\797c7c4e59e66d3486041c7e7c96bbcc87b574be.png"
"images","https://framerusercontent.com/images/NjfEdZg85s03NnXRTWcn5oUQSU.png?scale-down-to=512&width=912&height=222","C:\Users\??\Desktop\???????\framer-assets\images\610096735c84608dbe17fd7838e222af2a24ebac.png"
"images","https://framerusercontent.com/images/NjfEdZg85s03NnXRTWcn5oUQSU.png?width=912&height=222","C:\Users\??\Desktop\???????\framer-assets\images\4ada6a5d6d4da8dcfb4f4fb8c375f6836864ffbd.png"
"images","https://framerusercontent.com/images/nNuKmjRgdBoH0IxrIU9B2zxIy4.jpg?width=496&height=496","C:\Users\??\Desktop\???????\framer-assets\images\f9ae349b7f28b780cf305679437fc8a6152560bd.jpg"
"images","https://framerusercontent.com/images/NtIeOah8oQwyeqqm6GJXeotWZCI.jpg?scale-down-to=1024&width=2360&height=3542","C:\Users\??\Desktop\???????\framer-assets\images\6d9977b2288dd93e1e8b0ed5ef579c808d1a4e3a.jpg"
"images","https://framerusercontent.com/images/NtIeOah8oQwyeqqm6GJXeotWZCI.jpg?scale-down-to=2048&width=2360&height=3542","C:\Users\??\Desktop\???????\framer-assets\images\0e0792784f4159132e2a01bce415665e8a79780c.jpg"
"images","https://framerusercontent.com/images/NtIeOah8oQwyeqqm6GJXeotWZCI.jpg?width=2360&height=3542","C:\Users\??\Desktop\???????\framer-assets\images\808beccb093440f8698edeb2ae2b14f09d835202.jpg"
"images","https://framerusercontent.com/images/nUu4IKsES38sk9wYephbLsZY1A.png?scale-down-to=512&width=940&height=530","C:\Users\??\Desktop\???????\framer-assets\images\60e71547b939e85614d1e528880d3cc22fcabd41.png"
"images","https://framerusercontent.com/images/nUu4IKsES38sk9wYephbLsZY1A.png?width=940&height=530","C:\Users\??\Desktop\???????\framer-assets\images\b4de6d98f3125ef938512f8b05a22250bdc288bb.png"
"images","https://framerusercontent.com/images/NXGWiG3eT6v7HMN8z4FpA3rPubE.jpg?scale-down-to=1024&width=1124&height=1124","C:\Users\??\Desktop\???????\framer-assets\images\1a8704e25d217a240384eb41e8cfa2aeadd00fb2.jpg"
"images","https://framerusercontent.com/images/NXGWiG3eT6v7HMN8z4FpA3rPubE.jpg?scale-down-to=512&width=1124&height=1124","C:\Users\??\Desktop\???????\framer-assets\images\b1f0640d4a9e3d7c9ef65c410a9aef1901309dde.jpg"
"images","https://framerusercontent.com/images/NXGWiG3eT6v7HMN8z4FpA3rPubE.jpg?width=1124&height=1124","C:\Users\??\Desktop\???????\framer-assets\images\8a6391ea46afe2c648a157dbbc6d41d19540a7b7.jpg"
"images","https://framerusercontent.com/images/o5s1VB4aBLOsX23cO0kY2DhIUWk.png?scale-down-to=1024&width=1302&height=870","C:\Users\??\Desktop\???????\framer-assets\images\f64800806b458c8f34d95fcc7ac175f53dc4f62e.png"
"images","https://framerusercontent.com/images/o5s1VB4aBLOsX23cO0kY2DhIUWk.png?scale-down-to=512&width=1302&height=870","C:\Users\??\Desktop\???????\framer-assets\images\bb85b5e05e198ba0044dc1e69478665c58e6466f.png"
"images","https://framerusercontent.com/images/o5s1VB4aBLOsX23cO0kY2DhIUWk.png?width=1302&height=870","C:\Users\??\Desktop\???????\framer-assets\images\23322bba8cb2bef02a4f76491f14039066156dfe.png"
"images","https://framerusercontent.com/images/O5wh6K1DEEaJ8v4F79IVr4dUKc.png?scale-down-to=1024&width=1888&height=906","C:\Users\??\Desktop\???????\framer-assets\images\10b647409f95728abf333c192d2136fd6bda2662.png"
"images","https://framerusercontent.com/images/O5wh6K1DEEaJ8v4F79IVr4dUKc.png?scale-down-to=512&width=1888&height=906","C:\Users\??\Desktop\???????\framer-assets\images\2722778a0184d2d8f04038a1238f25307972d5bf.png"
"images","https://framerusercontent.com/images/O5wh6K1DEEaJ8v4F79IVr4dUKc.png?width=1888&height=906","C:\Users\??\Desktop\???????\framer-assets\images\f78a0d3c7329c9f62b9e183fae6d54f11a1d880a.png"
"images","https://framerusercontent.com/images/o6hodZJXfe5N61wdVj88bKuZ7U.png?scale-down-to=1024&width=988&height=1053","C:\Users\??\Desktop\???????\framer-assets\images\edca0452fcd13e721b023e9fb3f35f1206a79db7.png"
"images","https://framerusercontent.com/images/o6hodZJXfe5N61wdVj88bKuZ7U.png?width=988&height=1053","C:\Users\??\Desktop\???????\framer-assets\images\55ef7d1e82d0b3730f6aa708d084518b94eca511.png"
"images","https://framerusercontent.com/images/oeSFzU3ye6wOUa57SfUjqkgkEs.png?scale-down-to=512&width=791&height=669","C:\Users\??\Desktop\???????\framer-assets\images\4ae1e8f2fa45b9cfde350e8ac7469f8ed2aea7a6.png"
"images","https://framerusercontent.com/images/oeSFzU3ye6wOUa57SfUjqkgkEs.png?width=791&height=669","C:\Users\??\Desktop\???????\framer-assets\images\91e3aba298e14ef89268ec1363329a679420bf4c.png"
"images","https://framerusercontent.com/images/oVQX1xeWY1XvVC196etCSWZ6LM.png?scale-down-to=1024&width=1945&height=698","C:\Users\??\Desktop\???????\framer-assets\images\cbf7618bf5fa99fd91062c9cc03311c665ecfdc2.png"
"images","https://framerusercontent.com/images/oVQX1xeWY1XvVC196etCSWZ6LM.png?scale-down-to=512&width=1945&height=698","C:\Users\??\Desktop\???????\framer-assets\images\c32ba7b5ffc36e60b812850314bb6f8a4089b647.png"
"images","https://framerusercontent.com/images/oVQX1xeWY1XvVC196etCSWZ6LM.png?width=1945&height=698","C:\Users\??\Desktop\???????\framer-assets\images\d8ad777d8d15e1757807785b69b045cdc3b83c99.png"
"images","https://framerusercontent.com/images/ox6UaWd1D7eCtyfvSpjbsVgD4.png?width=390&height=801","C:\Users\??\Desktop\???????\framer-assets\images\9beacd49671a0f307ab63532f1d417d94df6118d.png"
"images","https://framerusercontent.com/images/pj15QGzCxxU9idAwi5Ei3XAxgIs.png?scale-down-to=1024&width=2962&height=1214","C:\Users\??\Desktop\???????\framer-assets\images\1e9e96cb6cce4fb403e5af3db53ba41484c94530.png"
"images","https://framerusercontent.com/images/pj15QGzCxxU9idAwi5Ei3XAxgIs.png?scale-down-to=2048&width=2962&height=1214","C:\Users\??\Desktop\???????\framer-assets\images\a58752e37c806e43df680e36f49bcba957e3500e.png"
"images","https://framerusercontent.com/images/pj15QGzCxxU9idAwi5Ei3XAxgIs.png?scale-down-to=512&width=2962&height=1214","C:\Users\??\Desktop\???????\framer-assets\images\49fec4680981be0f3b5a090b021735b9db062c7e.png"
"images","https://framerusercontent.com/images/pj15QGzCxxU9idAwi5Ei3XAxgIs.png?width=2962&height=1214","C:\Users\??\Desktop\???????\framer-assets\images\c4e71817e7a3d8acd01dba2645799e98a9d514f3.png"
"images","https://framerusercontent.com/images/PR49GzKiDxs7s0sHvLb991CD3I.png?scale-down-to=512&width=562&height=330","C:\Users\??\Desktop\???????\framer-assets\images\9d72f1110c2f0fb664af9361ce6c89c804b4f201.png"
"images","https://framerusercontent.com/images/PR49GzKiDxs7s0sHvLb991CD3I.png?width=562&height=330","C:\Users\??\Desktop\???????\framer-assets\images\518ff9e8866d99472ed20ef757d33c57d3e4f46f.png"
"images","https://framerusercontent.com/images/pvKSv5civ1QyVSqknzjz6ijdfOo.png?scale-down-to=512&width=1024&height=836","C:\Users\??\Desktop\???????\framer-assets\images\5d8658cda6efb0789b39c8bec52f1ddbb8ec06db.png"
"images","https://framerusercontent.com/images/pvKSv5civ1QyVSqknzjz6ijdfOo.png?width=1024&height=836","C:\Users\??\Desktop\???????\framer-assets\images\439246a730dfebc3f7384cf9a3ef5af796fbf492.png"
"images","https://framerusercontent.com/images/pZ0SLMlJ3OjgDTuwwzr6lDeEXRk.png?scale-down-to=1024&width=3617&height=2341","C:\Users\??\Desktop\???????\framer-assets\images\5fecd4ae08ed6fc821b059a737416a65c33687d6.png"
"images","https://framerusercontent.com/images/pZ0SLMlJ3OjgDTuwwzr6lDeEXRk.png?scale-down-to=2048&width=3617&height=2341","C:\Users\??\Desktop\???????\framer-assets\images\9a97e3aa541cd7ad167708cf12e8b2d088c646ff.png"
"images","https://framerusercontent.com/images/pZ0SLMlJ3OjgDTuwwzr6lDeEXRk.png?scale-down-to=512&width=3617&height=2341","C:\Users\??\Desktop\???????\framer-assets\images\3db029f7dd0ba073f3d6d781f1a8361a5149a876.png"
"images","https://framerusercontent.com/images/pZ0SLMlJ3OjgDTuwwzr6lDeEXRk.png?width=3617&height=2341","C:\Users\??\Desktop\???????\framer-assets\images\09c93a93a2abc8fc2cbf6a88ed3b2c6b1e8cded2.png"
"images","https://framerusercontent.com/images/q6bzdJBkRNTROJFo8LEHyImso0g.png?scale-down-to=512&width=603&height=175","C:\Users\??\Desktop\???????\framer-assets\images\b8b523af4435feaacfdc070291c9ef3f46f0a482.png"
"images","https://framerusercontent.com/images/q6bzdJBkRNTROJFo8LEHyImso0g.png?width=603&height=175","C:\Users\??\Desktop\???????\framer-assets\images\bf66cd2c6b65534d0e7c272d22d45d2a5af11fce.png"
"images","https://framerusercontent.com/images/q7UcxI8mIvEoifYXK2pqlqEkaQ.png?scale-down-to=1024&width=2416&height=686","C:\Users\??\Desktop\???????\framer-assets\images\88c4f46e5b09beb4b423b8ac6e915576045b0437.png"
"images","https://framerusercontent.com/images/q7UcxI8mIvEoifYXK2pqlqEkaQ.png?scale-down-to=2048&width=2416&height=686","C:\Users\??\Desktop\???????\framer-assets\images\30a77e7240c5c9f477fa2be4e3c8677e4b29703b.png"
"images","https://framerusercontent.com/images/q7UcxI8mIvEoifYXK2pqlqEkaQ.png?scale-down-to=512&width=2416&height=686","C:\Users\??\Desktop\???????\framer-assets\images\46fa25eab0a5aa8c40b79e27e8ba22535f082c20.png"
"images","https://framerusercontent.com/images/q7UcxI8mIvEoifYXK2pqlqEkaQ.png?width=2416&height=686","C:\Users\??\Desktop\???????\framer-assets\images\68ed4bd38b5a843d46179e308c72fedbdf2d0d31.png"
"images","https://framerusercontent.com/images/qe6vX9e4cqjkIoG9eNbMTIJ20IE.png?scale-down-to=1024&width=1189&height=1189","C:\Users\??\Desktop\???????\framer-assets\images\db653f017e3a47a6230ca9a7e992d5f644a511d1.png"
"images","https://framerusercontent.com/images/qe6vX9e4cqjkIoG9eNbMTIJ20IE.png?scale-down-to=512&width=1189&height=1189","C:\Users\??\Desktop\???????\framer-assets\images\8d5de8fffa52a055bd35680b8a464872604b18f3.png"
"images","https://framerusercontent.com/images/qe6vX9e4cqjkIoG9eNbMTIJ20IE.png?width=1189&height=1189","C:\Users\??\Desktop\???????\framer-assets\images\bc001b0a1c023f69fc9228f6829c9fcc4cec2198.png"
"images","https://framerusercontent.com/images/QPGtwu7iMv6JXMq015eoy5M1TY8.png?scale-down-to=1024&width=1440&height=1024","C:\Users\??\Desktop\???????\framer-assets\images\4955438b82a1809574a0ae135aa92e12f8f024eb.png"
"images","https://framerusercontent.com/images/QPGtwu7iMv6JXMq015eoy5M1TY8.png?scale-down-to=512&width=1440&height=1024","C:\Users\??\Desktop\???????\framer-assets\images\218b855c9aad59f5524dbf8e1331acee9f6b0640.png"
"images","https://framerusercontent.com/images/QPGtwu7iMv6JXMq015eoy5M1TY8.png?width=1440&height=1024","C:\Users\??\Desktop\???????\framer-assets\images\46821f8b9f877c569dd97ca7338af323973ab140.png"
"images","https://framerusercontent.com/images/qSWniec3YeaZubVFeNNr0YajmLk.png?width=260&height=534","C:\Users\??\Desktop\???????\framer-assets\images\baeb6df966190efb5fc0d732a2630c428b2a2214.png"
"images","https://framerusercontent.com/images/R1pddD5SpVBevUcXTJpoAWoNiM.png?scale-down-to=1024&width=1290&height=1758","C:\Users\??\Desktop\???????\framer-assets\images\b56f6ca543cfd9b907bbc720bde0bce891a409da.png"
"images","https://framerusercontent.com/images/R1pddD5SpVBevUcXTJpoAWoNiM.png?width=1290&height=1758","C:\Users\??\Desktop\???????\framer-assets\images\548a0deb73e6bb269514f659525598c64062c5a3.png"
"images","https://framerusercontent.com/images/r3UUaW8C1I7EUWSUQfozz35tTjE.png?scale-down-to=1024&width=1998&height=183","C:\Users\??\Desktop\???????\framer-assets\images\e1993f2e3fa8787b7752a11f205b4905120e0af2.png"
"images","https://framerusercontent.com/images/r3UUaW8C1I7EUWSUQfozz35tTjE.png?scale-down-to=512&width=1998&height=183","C:\Users\??\Desktop\???????\framer-assets\images\56d241a077c3e6daf03a306e2080a0459455ffc2.png"
"images","https://framerusercontent.com/images/r3UUaW8C1I7EUWSUQfozz35tTjE.png?width=1998&height=183","C:\Users\??\Desktop\???????\framer-assets\images\4a77257b6d5a54a844800ad7e4f3b2915b7fddfb.png"
"images","https://framerusercontent.com/images/r9OdfrtraxPLPgr4SK9fgJ9CU.png?scale-down-to=1024&width=1915&height=934","C:\Users\??\Desktop\???????\framer-assets\images\ad5a318d110c73c3a44656c1d720d478be5ca4a0.png"
"images","https://framerusercontent.com/images/r9OdfrtraxPLPgr4SK9fgJ9CU.png?scale-down-to=512&width=1915&height=934","C:\Users\??\Desktop\???????\framer-assets\images\373ca97e4d1d7d99b00b026f818cf2bba3782b77.png"
"images","https://framerusercontent.com/images/r9OdfrtraxPLPgr4SK9fgJ9CU.png?width=1915&height=934","C:\Users\??\Desktop\???????\framer-assets\images\4a773ec1337589c431df4f478d69efc153dc2afa.png"
"images","https://framerusercontent.com/images/RAqM9y9Lk5NOvNNo9OlLf2bBxY.png?scale-down-to=512&width=1024&height=860","C:\Users\??\Desktop\???????\framer-assets\images\bd9e44bc44e2e587f4684e60455da892df747190.png"
"images","https://framerusercontent.com/images/RAqM9y9Lk5NOvNNo9OlLf2bBxY.png?width=1024&height=860","C:\Users\??\Desktop\???????\framer-assets\images\124628209e616bf68b8177680ec4f6f2122f5094.png"
"images","https://framerusercontent.com/images/rBgbA23roGAmpLWNAnewdXpCAUc.png?scale-down-to=1024&width=2560&height=1520","C:\Users\??\Desktop\???????\framer-assets\images\bf78a96b1d4e465ce230091491c6f8618a310f4d.png"
"images","https://framerusercontent.com/images/rBgbA23roGAmpLWNAnewdXpCAUc.png?scale-down-to=2048&width=2560&height=1520","C:\Users\??\Desktop\???????\framer-assets\images\ca659aa55555249b14230036f7512a84a82b2c51.png"
"images","https://framerusercontent.com/images/rBgbA23roGAmpLWNAnewdXpCAUc.png?scale-down-to=512&width=2560&height=1520","C:\Users\??\Desktop\???????\framer-assets\images\a53c7897efa2b5e0e97ccde6dcfbed4b3b37db09.png"
"images","https://framerusercontent.com/images/rBgbA23roGAmpLWNAnewdXpCAUc.png?width=2560&height=1520","C:\Users\??\Desktop\???????\framer-assets\images\b1dc4b580e7bd01533520ec3dd5ea78546576240.png"
"images","https://framerusercontent.com/images/riISHuTqeDPZ6PBFEvN01ZSk.png?scale-down-to=1024&width=1587&height=1723","C:\Users\??\Desktop\???????\framer-assets\images\b49770417e8f6ae9de354197515479eb82b059e8.png"
"images","https://framerusercontent.com/images/riISHuTqeDPZ6PBFEvN01ZSk.png?width=1587&height=1723","C:\Users\??\Desktop\???????\framer-assets\images\fcffc2bbb352dde0afcead5d303001b6a81b3575.png"
"images","https://framerusercontent.com/images/ritehQiJQMjNhyaqTH7IFd1AJ2c.png?scale-down-to=512&width=681&height=492","C:\Users\??\Desktop\???????\framer-assets\images\3d4f49d03eec13d08c2f58d43f915778676009bb.png"
"images","https://framerusercontent.com/images/ritehQiJQMjNhyaqTH7IFd1AJ2c.png?width=681&height=492","C:\Users\??\Desktop\???????\framer-assets\images\cc07e1c793e245a6d402323bc92aad29b2d2bad6.png"
"images","https://framerusercontent.com/images/rLcTZbO7hsuI8WvskDEbo494ZQ.png?scale-down-to=512&width=899&height=674","C:\Users\??\Desktop\???????\framer-assets\images\90c364b05624ab7f77daf907c579385052685701.png"
"images","https://framerusercontent.com/images/rLcTZbO7hsuI8WvskDEbo494ZQ.png?width=899&height=674","C:\Users\??\Desktop\???????\framer-assets\images\7c81948064546ffd40e4f625440c6f034ab9d4cf.png"
"images","https://framerusercontent.com/images/RNJL7Q4RGSr0ajcC034QR2NtKw4.png?scale-down-to=512&width=803&height=530","C:\Users\??\Desktop\???????\framer-assets\images\4a8c157baa4a05cce4bd2e330053460018a86485.png"
"images","https://framerusercontent.com/images/RNJL7Q4RGSr0ajcC034QR2NtKw4.png?width=803&height=530","C:\Users\??\Desktop\???????\framer-assets\images\017e4f8f7ba4a879095ad7f3f1ad01e913afbf99.png"
"images","https://framerusercontent.com/images/Ro8lk8Kt09n3uzfFDjDn0b7n10.png?scale-down-to=2048&width=2016&height=4330","C:\Users\??\Desktop\???????\framer-assets\images\2712013128890746da2603ec815af287bd62cbac.png"
"images","https://framerusercontent.com/images/Ro8lk8Kt09n3uzfFDjDn0b7n10.png?scale-down-to=4096&width=2016&height=4330","C:\Users\??\Desktop\???????\framer-assets\images\816a74b400816963be97fa6b976770074a0a58b8.png"
"images","https://framerusercontent.com/images/Ro8lk8Kt09n3uzfFDjDn0b7n10.png?width=2016&height=4330","C:\Users\??\Desktop\???????\framer-assets\images\25dc9c8d9bc0ac79f6e71cf1f2bad7434fe27a88.png"
"images","https://framerusercontent.com/images/RohmohxlcXHSVGCLRttMAsBCDs.png?scale-down-to=1024&width=935&height=1649","C:\Users\??\Desktop\???????\framer-assets\images\ac11ec7fbe7df1e31cf19716173e0c7d20daf4da.png"
"images","https://framerusercontent.com/images/RohmohxlcXHSVGCLRttMAsBCDs.png?width=935&height=1649","C:\Users\??\Desktop\???????\framer-assets\images\c1dd5a84d8c7415ccad4b0cda228b3b165d0fd51.png"
"images","https://framerusercontent.com/images/RowjqCo4wt4qRJ58orvJorYI.png?scale-down-to=1024&width=2012&height=2225","C:\Users\??\Desktop\???????\framer-assets\images\29c904586fef14985ca1a1df86222e23dde6cf9d.png"
"images","https://framerusercontent.com/images/RowjqCo4wt4qRJ58orvJorYI.png?scale-down-to=2048&width=2012&height=2225","C:\Users\??\Desktop\???????\framer-assets\images\72c13d755e7047f30300bcc0b88e3db73224f4ce.png"
"images","https://framerusercontent.com/images/RowjqCo4wt4qRJ58orvJorYI.png?width=2012&height=2225","C:\Users\??\Desktop\???????\framer-assets\images\ef14fa26529a70d0b6532be91a35a0e55856a13b.png"
"images","https://framerusercontent.com/images/rRM5yoinMaDJGIwaVKVl0SfNR4.png?scale-down-to=1024&width=6000&height=4500","C:\Users\??\Desktop\???????\framer-assets\images\f6a8c756cefd54e23da0cb6277693e27365f78e7.png"
"images","https://framerusercontent.com/images/rRM5yoinMaDJGIwaVKVl0SfNR4.png?scale-down-to=2048&width=6000&height=4500","C:\Users\??\Desktop\???????\framer-assets\images\42d2a71122fe014b5a54beb8e7260f0c55315f32.png"
"images","https://framerusercontent.com/images/rRM5yoinMaDJGIwaVKVl0SfNR4.png?scale-down-to=4096&width=6000&height=4500","C:\Users\??\Desktop\???????\framer-assets\images\116f2343724dede044727a43c662c214cbea3cbf.png"
"images","https://framerusercontent.com/images/rRM5yoinMaDJGIwaVKVl0SfNR4.png?scale-down-to=512&width=6000&height=4500","C:\Users\??\Desktop\???????\framer-assets\images\c5a62377318a8925d3666ac0002d8a270eff8b2b.png"
"images","https://framerusercontent.com/images/rRM5yoinMaDJGIwaVKVl0SfNR4.png?width=6000&height=4500","C:\Users\??\Desktop\???????\framer-assets\images\72cd97c3b3129b7a1d948dd29e289efd41c74c36.png"
"images","https://framerusercontent.com/images/rTZPWe6gVDbGFt646pEW3RUvi7E.png?scale-down-to=1024&width=1845&height=556","C:\Users\??\Desktop\???????\framer-assets\images\45c545fe8e1d89c3b05b09fee30edcbb88590a64.png"
"images","https://framerusercontent.com/images/rTZPWe6gVDbGFt646pEW3RUvi7E.png?scale-down-to=512&width=1845&height=556","C:\Users\??\Desktop\???????\framer-assets\images\4b7ec5536bb640feb49ec9a4e507f68ab18f737a.png"
"images","https://framerusercontent.com/images/rTZPWe6gVDbGFt646pEW3RUvi7E.png?width=1845&height=556","C:\Users\??\Desktop\???????\framer-assets\images\8e13dc05a4b730bb0c86cf502c98eff96923d3a4.png"
"images","https://framerusercontent.com/images/rvatNxouTihWk5ScUeJG3dvzfI4.png?scale-down-to=1024&width=2864&height=1710","C:\Users\??\Desktop\???????\framer-assets\images\c3dab9e487204d4e46d4ba35b4d9c4eeeb80c9a1.png"
"images","https://framerusercontent.com/images/rvatNxouTihWk5ScUeJG3dvzfI4.png?scale-down-to=2048&width=2864&height=1710","C:\Users\??\Desktop\???????\framer-assets\images\f4f1653a4f5af9f55871bd24988447a27abec8da.png"
"images","https://framerusercontent.com/images/rvatNxouTihWk5ScUeJG3dvzfI4.png?scale-down-to=512&width=2864&height=1710","C:\Users\??\Desktop\???????\framer-assets\images\6f73115552fca6a6800827115044ec81ca966472.png"
"images","https://framerusercontent.com/images/rvatNxouTihWk5ScUeJG3dvzfI4.png?width=2864&height=1710","C:\Users\??\Desktop\???????\framer-assets\images\01a293011536bfac21d1b0d0106f69962c9f74c7.png"
"images","https://framerusercontent.com/images/rxprcqLqFBQYFjftvoF08Fu7k0.png?scale-down-to=1024&width=1523&height=511","C:\Users\??\Desktop\???????\framer-assets\images\41f7b7cfd8a37fcc104cfb46d8be66fef1e0a12c.png"
"images","https://framerusercontent.com/images/rxprcqLqFBQYFjftvoF08Fu7k0.png?scale-down-to=512&width=1523&height=511","C:\Users\??\Desktop\???????\framer-assets\images\0d1947184ec3392d13794086d4a26c143231db58.png"
"images","https://framerusercontent.com/images/rxprcqLqFBQYFjftvoF08Fu7k0.png?width=1523&height=511","C:\Users\??\Desktop\???????\framer-assets\images\d4d4dce404837d1eb97dda9fc41e0e4b385798b6.png"
"images","https://framerusercontent.com/images/SbJf9HsIuinCXdO67rhnJBkLwqs.png?scale-down-to=1024&width=4474&height=2516","C:\Users\??\Desktop\???????\framer-assets\images\f148ff9a7bbc479b4400d553b4a779ace291a584.png"
"images","https://framerusercontent.com/images/SbJf9HsIuinCXdO67rhnJBkLwqs.png?scale-down-to=2048&width=4474&height=2516","C:\Users\??\Desktop\???????\framer-assets\images\56d56e71b27692c5175986affb0dfa5265be794b.png"
"images","https://framerusercontent.com/images/SbJf9HsIuinCXdO67rhnJBkLwqs.png?scale-down-to=4096&width=4474&height=2516","C:\Users\??\Desktop\???????\framer-assets\images\442ac7fa7c3e9aa4fef66bb05457aa74e7315e31.png"
"images","https://framerusercontent.com/images/SbJf9HsIuinCXdO67rhnJBkLwqs.png?scale-down-to=512&width=4474&height=2516","C:\Users\??\Desktop\???????\framer-assets\images\04108007845b6ae8fdbca0151bff854b08a0f2b2.png"
"images","https://framerusercontent.com/images/SbJf9HsIuinCXdO67rhnJBkLwqs.png?width=4474&height=2516","C:\Users\??\Desktop\???????\framer-assets\images\ff8fe4581ffca27adf6ebb6bde4b88406cdb35ff.png"
"images","https://framerusercontent.com/images/Sek9jqxAlSTkv1FTv2X8EpF9oc.png?width=595&height=842","C:\Users\??\Desktop\???????\framer-assets\images\987381382328bb7c55d8c7f932121000a73234a5.png"
"images","https://framerusercontent.com/images/sgvHVjPiKZrbDHzCT2Z4Tmo1vA0.jpg?scale-down-to=1024&width=2512&height=3671","C:\Users\??\Desktop\???????\framer-assets\images\e2ecf28859ad4c4d963656efdc9516a98be49e98.jpg"
"images","https://framerusercontent.com/images/sgvHVjPiKZrbDHzCT2Z4Tmo1vA0.jpg?scale-down-to=2048&width=2512&height=3671","C:\Users\??\Desktop\???????\framer-assets\images\f1e132a40039a70ff668f74ebed75f3f61c84022.jpg"
"images","https://framerusercontent.com/images/sgvHVjPiKZrbDHzCT2Z4Tmo1vA0.jpg?width=2512&height=3671","C:\Users\??\Desktop\???????\framer-assets\images\2647006edb0769f2059173832ddc2179c1ce0392.jpg"
"images","https://framerusercontent.com/images/SIHqjzNgsPXZPAlZpBi9N1c2Xrg.png?scale-down-to=512&width=797&height=403","C:\Users\??\Desktop\???????\framer-assets\images\addfd62be61e4ddba17ced70d2747f5bc0edc72f.png"
"images","https://framerusercontent.com/images/SIHqjzNgsPXZPAlZpBi9N1c2Xrg.png?width=797&height=403","C:\Users\??\Desktop\???????\framer-assets\images\5d748aa3529acc1325c022572acde4c4d78a6e49.png"
"images","https://framerusercontent.com/images/SNWqanUIW4sQxUqH6oP5jnx6sPU.png?scale-down-to=1024&width=1202&height=1155","C:\Users\??\Desktop\???????\framer-assets\images\88714271848dc03e819408e74f260fa0e5a023f6.png"
"images","https://framerusercontent.com/images/SNWqanUIW4sQxUqH6oP5jnx6sPU.png?scale-down-to=512&width=1202&height=1155","C:\Users\??\Desktop\???????\framer-assets\images\7e35f51ed543f8808e4b70fcbdced188a5d45f6f.png"
"images","https://framerusercontent.com/images/SNWqanUIW4sQxUqH6oP5jnx6sPU.png?width=1202&height=1155","C:\Users\??\Desktop\???????\framer-assets\images\3406b8c92ce751377fab91c137d2caa97d0c1c5e.png"
"images","https://framerusercontent.com/images/So8damnhHzEs93hKAwNhzX4qoA.png?scale-down-to=1024&width=1698&height=262","C:\Users\??\Desktop\???????\framer-assets\images\467af7522dbbf8a541cb7fa01da9c26b4e8f8cbf.png"
"images","https://framerusercontent.com/images/So8damnhHzEs93hKAwNhzX4qoA.png?scale-down-to=512&width=1698&height=262","C:\Users\??\Desktop\???????\framer-assets\images\6aac3413a259476ee693ff0c1140d8d9f6b297f5.png"
"images","https://framerusercontent.com/images/So8damnhHzEs93hKAwNhzX4qoA.png?width=1698&height=262","C:\Users\??\Desktop\???????\framer-assets\images\e977fd7ff13555ab29179463ed5df8bc332fb12b.png"
"images","https://framerusercontent.com/images/sOM0yWaX5L52PxPGPZVkme8XTgc.png?scale-down-to=512&width=622&height=240","C:\Users\??\Desktop\???????\framer-assets\images\cd1c20707e29cedca1b537d1c34a35783c500b3c.png"
"images","https://framerusercontent.com/images/sOM0yWaX5L52PxPGPZVkme8XTgc.png?width=622&height=240","C:\Users\??\Desktop\???????\framer-assets\images\c124c1b38831c7e0a1e97714823784bc0712dca5.png"
"images","https://framerusercontent.com/images/t0prwBM8obSBRo6nclhrn56uxc.png?scale-down-to=512&width=558&height=302","C:\Users\??\Desktop\???????\framer-assets\images\f77bbb9ad7cc5d41e8c6674322530f579662eec6.png"
"images","https://framerusercontent.com/images/t0prwBM8obSBRo6nclhrn56uxc.png?width=558&height=302","C:\Users\??\Desktop\???????\framer-assets\images\be9017fde875eccd706cd08fd62ab5ece4ea6fb7.png"
"images","https://framerusercontent.com/images/thibxAsD575dw5tYoaJdeHO0joM.png?scale-down-to=512&width=720&height=184","C:\Users\??\Desktop\???????\framer-assets\images\c5c3609793c37aa092ef263b57f7c519c36a645a.png"
"images","https://framerusercontent.com/images/thibxAsD575dw5tYoaJdeHO0joM.png?width=720&height=184","C:\Users\??\Desktop\???????\framer-assets\images\f19ae046c34c94e527d759c230900702273d4f89.png"
"images","https://framerusercontent.com/images/tmUK5n4m7pcHpLif7CaaYBtNzU.png?scale-down-to=1024&width=2370&height=590","C:\Users\??\Desktop\???????\framer-assets\images\f0c2bec50bfd829f526db495668369a646e12639.png"
"images","https://framerusercontent.com/images/tmUK5n4m7pcHpLif7CaaYBtNzU.png?scale-down-to=2048&width=2370&height=590","C:\Users\??\Desktop\???????\framer-assets\images\9b34dc717f6bcec708e4bb2788efca37778ca535.png"
"images","https://framerusercontent.com/images/tmUK5n4m7pcHpLif7CaaYBtNzU.png?scale-down-to=512&width=2370&height=590","C:\Users\??\Desktop\???????\framer-assets\images\6e8ffb11cdd9453d0197d422c9b6ac133a1ffd18.png"
"images","https://framerusercontent.com/images/tmUK5n4m7pcHpLif7CaaYBtNzU.png?width=2370&height=590","C:\Users\??\Desktop\???????\framer-assets\images\dcfbaba0862b4f158e4a55825cdfb2063a7acfa7.png"
"images","https://framerusercontent.com/images/TPpVStfBKDY8Rw2pRcRxtUr1E.png?width=390&height=801","C:\Users\??\Desktop\???????\framer-assets\images\d59a8cd44cd61d826da75a5ab426fcf10f0e339c.png"
"images","https://framerusercontent.com/images/tug9GBbiUtkZskMcqeOUJ8GRgs.png?scale-down-to=1024&width=2073&height=813","C:\Users\??\Desktop\???????\framer-assets\images\2a1df1d45ed2cd8656258e76305b0af646859e7b.png"
"images","https://framerusercontent.com/images/tug9GBbiUtkZskMcqeOUJ8GRgs.png?scale-down-to=2048&width=2073&height=813","C:\Users\??\Desktop\???????\framer-assets\images\0c4b8a5820cf6c9d36f86da773e60dc706fc0f82.png"
"images","https://framerusercontent.com/images/tug9GBbiUtkZskMcqeOUJ8GRgs.png?scale-down-to=512&width=2073&height=813","C:\Users\??\Desktop\???????\framer-assets\images\24d8553e5c0014723d3af7e1c95c0be0a332a61c.png"
"images","https://framerusercontent.com/images/tug9GBbiUtkZskMcqeOUJ8GRgs.png?width=2073&height=813","C:\Users\??\Desktop\???????\framer-assets\images\9b1ac35bd918760615be6dfa310de6337116301f.png"
"images","https://framerusercontent.com/images/u0byptB0UwI9QXaAKqHbdVPWbnA.png?scale-down-to=1024&width=1161&height=430","C:\Users\??\Desktop\???????\framer-assets\images\6d7ccc4f517b6d31255e7b70231a6d180f1de8c4.png"
"images","https://framerusercontent.com/images/u0byptB0UwI9QXaAKqHbdVPWbnA.png?scale-down-to=512&width=1161&height=430","C:\Users\??\Desktop\???????\framer-assets\images\4145088fa753901d5ac5365de3a96445de085b8b.png"
"images","https://framerusercontent.com/images/u0byptB0UwI9QXaAKqHbdVPWbnA.png?width=1161&height=430","C:\Users\??\Desktop\???????\framer-assets\images\2ee7e2551e7127ab16212f258d3e6713ee190231.png"
"images","https://framerusercontent.com/images/uff8Xy8ncWRQYw9vkz1hrcjHOE.png?scale-down-to=1024&width=6000&height=4500","C:\Users\??\Desktop\???????\framer-assets\images\32a74792290a180b0ab518baacc783d533efeced.png"
"images","https://framerusercontent.com/images/uff8Xy8ncWRQYw9vkz1hrcjHOE.png?scale-down-to=2048&width=6000&height=4500","C:\Users\??\Desktop\???????\framer-assets\images\73e2315487e73d4a52bb3e73ee5fd19dee9c7b22.png"
"images","https://framerusercontent.com/images/uff8Xy8ncWRQYw9vkz1hrcjHOE.png?scale-down-to=4096&width=6000&height=4500","C:\Users\??\Desktop\???????\framer-assets\images\9eca63a18b77a977d7078b0feba210a2cdc3cc67.png"
"images","https://framerusercontent.com/images/uff8Xy8ncWRQYw9vkz1hrcjHOE.png?scale-down-to=512&width=6000&height=4500","C:\Users\??\Desktop\???????\framer-assets\images\30eef56253530b388b167ecc2ad521789ca65306.png"
"images","https://framerusercontent.com/images/uff8Xy8ncWRQYw9vkz1hrcjHOE.png?width=6000&height=4500","C:\Users\??\Desktop\???????\framer-assets\images\de2adde594c13411e1b6edfae73dc2b71177dad0.png"
"images","https://framerusercontent.com/images/uHRV9V21mukFAs8YOEHokqU1ms.png?scale-down-to=512&width=622&height=240","C:\Users\??\Desktop\???????\framer-assets\images\ff1516efaf301c3ba68a9d526f7e030155e7fe0d.png"
"images","https://framerusercontent.com/images/uHRV9V21mukFAs8YOEHokqU1ms.png?width=622&height=240","C:\Users\??\Desktop\???????\framer-assets\images\1a6a64361235b25c0b71d54415121eaff77f3cec.png"
"images","https://framerusercontent.com/images/uNMvdAix3HfGxbBxoAoB85MY0TA.png?scale-down-to=512&width=542&height=474","C:\Users\??\Desktop\???????\framer-assets\images\3bbed59b87ea8ba0648835dd7cda006646d6cb37.png"
"images","https://framerusercontent.com/images/uNMvdAix3HfGxbBxoAoB85MY0TA.png?width=542&height=474","C:\Users\??\Desktop\???????\framer-assets\images\dc3881dbc2e05bbe4a63549fe6774c595d6f7244.png"
"images","https://framerusercontent.com/images/UUrnwenEZq9xFU392Ee6lvBKlo.png?width=982&height=997","C:\Users\??\Desktop\???????\framer-assets\images\42623c840ce4f30b0dbf83788bdcdb4c1c7e99f8.png"
"images","https://framerusercontent.com/images/uVuGt8XeN5JecB6MAsbLdN3OU7w.png?width=833&height=938","C:\Users\??\Desktop\???????\framer-assets\images\00bb1b7ff07ca26c4e9c8c0cdf78fa973d6a4fde.png"
"images","https://framerusercontent.com/images/UXRBj27oA0uFTqTmGQiC07Tf4.png?scale-down-to=1024&width=1979&height=969","C:\Users\??\Desktop\???????\framer-assets\images\c37ff50fb254b7b516c2307ca338d102351985ba.png"
"images","https://framerusercontent.com/images/UXRBj27oA0uFTqTmGQiC07Tf4.png?scale-down-to=512&width=1979&height=969","C:\Users\??\Desktop\???????\framer-assets\images\dffab2516b392b38fc61d55d5f048f68a1d89ad6.png"
"images","https://framerusercontent.com/images/UXRBj27oA0uFTqTmGQiC07Tf4.png?width=1979&height=969","C:\Users\??\Desktop\???????\framer-assets\images\f7ae0ed177292016332d25067ac4085ea239dcb2.png"
"images","https://framerusercontent.com/images/vaahjbkr4mMdTMfrLsYIEyUPwU.png?scale-down-to=1024&width=1532&height=2307","C:\Users\??\Desktop\???????\framer-assets\images\e25a83fb3502c7745596a7028c6a7b1d902e67b5.png"
"images","https://framerusercontent.com/images/vaahjbkr4mMdTMfrLsYIEyUPwU.png?scale-down-to=2048&width=1532&height=2307","C:\Users\??\Desktop\???????\framer-assets\images\466dc0082da1b5bec72e107f1f07c5b49dff3484.png"
"images","https://framerusercontent.com/images/vaahjbkr4mMdTMfrLsYIEyUPwU.png?width=1532&height=2307","C:\Users\??\Desktop\???????\framer-assets\images\b72ad44a333a119216cef0068bf487b6f6b89a96.png"
"images","https://framerusercontent.com/images/vaIAwM9NlQvEoFe4CoGcL7lXAzg.png?width=260&height=534","C:\Users\??\Desktop\???????\framer-assets\images\2c3bff046d39113851e69475e1ba404d8ddcab99.png"
"images","https://framerusercontent.com/images/VuPoS1VRF0XV2cxRfzqNDJmynpA.png?scale-down-to=1024&width=2560&height=1520","C:\Users\??\Desktop\???????\framer-assets\images\f2db140f39cb2147ffdcb9d876de4ff02347291b.png"
"images","https://framerusercontent.com/images/VuPoS1VRF0XV2cxRfzqNDJmynpA.png?scale-down-to=2048&width=2560&height=1520","C:\Users\??\Desktop\???????\framer-assets\images\a3bf7162516d07fed40382316c1c79dfc3168f29.png"
"images","https://framerusercontent.com/images/VuPoS1VRF0XV2cxRfzqNDJmynpA.png?scale-down-to=512&width=2560&height=1520","C:\Users\??\Desktop\???????\framer-assets\images\0060c020fc38964e7a6bacb038d1e0a5e991878d.png"
"images","https://framerusercontent.com/images/VuPoS1VRF0XV2cxRfzqNDJmynpA.png?width=2560&height=1520","C:\Users\??\Desktop\???????\framer-assets\images\89c8c58356c212b9d0f3aa4be030ae4941d47f87.png"
"images","https://framerusercontent.com/images/w4zFJhhhlwzQAsnjOhLP44Ns.png?scale-down-to=512&width=589&height=161","C:\Users\??\Desktop\???????\framer-assets\images\3901a17c4599d6d03f63cbc6aa200d419339899c.png"
"images","https://framerusercontent.com/images/w4zFJhhhlwzQAsnjOhLP44Ns.png?width=589&height=161","C:\Users\??\Desktop\???????\framer-assets\images\0655cdeffaed1281624465ab4336ebd06a736b14.png"
"images","https://framerusercontent.com/images/w95gAkyr7CKP0767B1k2vOvhuc.png?width=390&height=801","C:\Users\??\Desktop\???????\framer-assets\images\c8dfbe72f1e665534b7f5ed5229aa8f12509d42e.png"
"images","https://framerusercontent.com/images/W9YpEvGnKSRhRFIsiblqO6Ets.png?scale-down-to=1024&width=1742&height=738","C:\Users\??\Desktop\???????\framer-assets\images\9dafbd98f4c4fa7bd3f8f10f559560b68e3bde7e.png"
"images","https://framerusercontent.com/images/W9YpEvGnKSRhRFIsiblqO6Ets.png?scale-down-to=512&width=1742&height=738","C:\Users\??\Desktop\???????\framer-assets\images\a487a25eab3d137e69ce890e43bc52c8814330e3.png"
"images","https://framerusercontent.com/images/W9YpEvGnKSRhRFIsiblqO6Ets.png?width=1742&height=738","C:\Users\??\Desktop\???????\framer-assets\images\51e804c8ca52c80dbd0a49006e1d23811529509e.png"
"images","https://framerusercontent.com/images/WbiN0rLffoBfWRI4vZcqhLMkpP4.png?scale-down-to=1024&width=2127&height=855","C:\Users\??\Desktop\???????\framer-assets\images\949b0e5089775244a70b35c3424d84719e4ba95a.png"
"images","https://framerusercontent.com/images/WbiN0rLffoBfWRI4vZcqhLMkpP4.png?scale-down-to=2048&width=2127&height=855","C:\Users\??\Desktop\???????\framer-assets\images\57cad615a10a706a37eb52a6d340f7c522bb23cd.png"
"images","https://framerusercontent.com/images/WbiN0rLffoBfWRI4vZcqhLMkpP4.png?scale-down-to=512&width=2127&height=855","C:\Users\??\Desktop\???????\framer-assets\images\ca9d4e252f179a624590e6cc040d1a36e521ac5b.png"
"images","https://framerusercontent.com/images/WbiN0rLffoBfWRI4vZcqhLMkpP4.png?width=2127&height=855","C:\Users\??\Desktop\???????\framer-assets\images\91a665378602302b31051b85811fb3dd4651b5bf.png"
"images","https://framerusercontent.com/images/wImD4vvMiRpRMePioZ2yx5D7kQ.png?scale-down-to=1024&width=6000&height=4500","C:\Users\??\Desktop\???????\framer-assets\images\79c201503198920a0b48f307e6fe445807f5d46d.png"
"images","https://framerusercontent.com/images/wImD4vvMiRpRMePioZ2yx5D7kQ.png?scale-down-to=2048&width=6000&height=4500","C:\Users\??\Desktop\???????\framer-assets\images\0ba3bb1b332a607e0f7b7a2d62213f7ef424cd14.png"
"images","https://framerusercontent.com/images/wImD4vvMiRpRMePioZ2yx5D7kQ.png?scale-down-to=4096&width=6000&height=4500","C:\Users\??\Desktop\???????\framer-assets\images\8e513944cc8e037e6ab5e33e6aee519526fece9d.png"
"images","https://framerusercontent.com/images/wImD4vvMiRpRMePioZ2yx5D7kQ.png?scale-down-to=512&width=6000&height=4500","C:\Users\??\Desktop\???????\framer-assets\images\3f4f993897fd179d4b21933bd9968aa66f9271f9.png"
"images","https://framerusercontent.com/images/wImD4vvMiRpRMePioZ2yx5D7kQ.png?width=6000&height=4500","C:\Users\??\Desktop\???????\framer-assets\images\87de0e7dfe63f9f929d6a39c756d6880f8d94492.png"
"images","https://framerusercontent.com/images/WP397GgWTrN43VVsofgrSV7NuGw.png?scale-down-to=512&width=815&height=466","C:\Users\??\Desktop\???????\framer-assets\images\1c9ffff0756c9e3e6585d3cbd546c0b1cc7a6d19.png"
"images","https://framerusercontent.com/images/WP397GgWTrN43VVsofgrSV7NuGw.png?width=815&height=466","C:\Users\??\Desktop\???????\framer-assets\images\45e99e584cc4a14b08c68139c91fd2fdadd0aee2.png"
"images","https://framerusercontent.com/images/Wvca4HLqyzJtn7cxvtgqlSRHkk.png?scale-down-to=1024&width=6000&height=4500","C:\Users\??\Desktop\???????\framer-assets\images\d4311ede7c32ced19cf52229c6b9f486c31ea5f6.png"
"images","https://framerusercontent.com/images/Wvca4HLqyzJtn7cxvtgqlSRHkk.png?scale-down-to=2048&width=6000&height=4500","C:\Users\??\Desktop\???????\framer-assets\images\3df3e37946fffae8568aedd64a9dcfe63d5d1d15.png"
"images","https://framerusercontent.com/images/Wvca4HLqyzJtn7cxvtgqlSRHkk.png?scale-down-to=4096&width=6000&height=4500","C:\Users\??\Desktop\???????\framer-assets\images\bcd5b8825499254acda6a0ae9ba66f976c9257ae.png"
"images","https://framerusercontent.com/images/Wvca4HLqyzJtn7cxvtgqlSRHkk.png?scale-down-to=512&width=6000&height=4500","C:\Users\??\Desktop\???????\framer-assets\images\c9959e84c5245d4fff563b91a730505312f0101d.png"
"images","https://framerusercontent.com/images/Wvca4HLqyzJtn7cxvtgqlSRHkk.png?width=6000&height=4500","C:\Users\??\Desktop\???????\framer-assets\images\b8f79aee563443b27c8e952c33c4f8fe79c47ce8.png"
"images","https://framerusercontent.com/images/WX5qMHH0BaL3BBU0E5lFyDbPh3c.png?scale-down-to=1024&width=1440&height=1024","C:\Users\??\Desktop\???????\framer-assets\images\f8ae651a5307cd1289b9b05dd832fdb796cb3ed9.png"
"images","https://framerusercontent.com/images/WX5qMHH0BaL3BBU0E5lFyDbPh3c.png?scale-down-to=512&width=1440&height=1024","C:\Users\??\Desktop\???????\framer-assets\images\68de7bfa7b785a7381b1d352a892491bb1253a51.png"
"images","https://framerusercontent.com/images/WX5qMHH0BaL3BBU0E5lFyDbPh3c.png?width=1440&height=1024","C:\Users\??\Desktop\???????\framer-assets\images\ca5dcfb4ff7f9eda5862eb9127118244684dbddc.png"
"images","https://framerusercontent.com/images/X0opHAoXpQOdgtphsIOFs9mi5Q.png?width=260&height=534","C:\Users\??\Desktop\???????\framer-assets\images\f56eefd7f2af4a27cfce010a20761e1d28ae6400.png"
"images","https://framerusercontent.com/images/x0sTN0iLvuvYidLRTBndMmiE310.png?width=603&height=652","C:\Users\??\Desktop\???????\framer-assets\images\b18341b5ae193c1dce9c301de8484c65a66a0136.png"
"images","https://framerusercontent.com/images/X3epnlRZoj739oY7lv3hsYs.png?scale-down-to=1024&width=1196&height=709","C:\Users\??\Desktop\???????\framer-assets\images\2e63eb707c8e22bb44e61f0dc0d5538b3301094a.png"
"images","https://framerusercontent.com/images/X3epnlRZoj739oY7lv3hsYs.png?scale-down-to=512&width=1196&height=709","C:\Users\??\Desktop\???????\framer-assets\images\5a56f211a8485f266e631f94de4fcc6b84ebf3ad.png"
"images","https://framerusercontent.com/images/X3epnlRZoj739oY7lv3hsYs.png?width=1196&height=709","C:\Users\??\Desktop\???????\framer-assets\images\3fe62a4c484c9d96ced4a9fead0c31ab65c741b5.png"
"images","https://framerusercontent.com/images/XA6h00tpvgmOTeRL6611Ta73cY.png?scale-down-to=1024&width=6000&height=4500","C:\Users\??\Desktop\???????\framer-assets\images\83d19ff1fe05ccf34c004a573a7b9aafe84fb3b5.png"
"images","https://framerusercontent.com/images/XA6h00tpvgmOTeRL6611Ta73cY.png?scale-down-to=2048&width=6000&height=4500","C:\Users\??\Desktop\???????\framer-assets\images\b616ceffd9b8ca69fec0911327e02fe2d92eaa17.png"
"images","https://framerusercontent.com/images/XA6h00tpvgmOTeRL6611Ta73cY.png?scale-down-to=4096&width=6000&height=4500","C:\Users\??\Desktop\???????\framer-assets\images\75c9323ce8186fb42070c5bd27bc579c25ac2e51.png"
"images","https://framerusercontent.com/images/XA6h00tpvgmOTeRL6611Ta73cY.png?scale-down-to=512&width=6000&height=4500","C:\Users\??\Desktop\???????\framer-assets\images\3d1668ff4f6926f621327e606af2775e518e814c.png"
"images","https://framerusercontent.com/images/XA6h00tpvgmOTeRL6611Ta73cY.png?width=6000&height=4500","C:\Users\??\Desktop\???????\framer-assets\images\88b540c5643f84a2c5214bbcde415b29390b8b5f.png"
"images","https://framerusercontent.com/images/xbcxmGFsHEa3DxOblRcHfzJKf9o.png?scale-down-to=1024&width=1094&height=970","C:\Users\??\Desktop\???????\framer-assets\images\f9ee22e333c1fc35b7559967c9886e11b305db23.png"
"images","https://framerusercontent.com/images/xbcxmGFsHEa3DxOblRcHfzJKf9o.png?scale-down-to=512&width=1094&height=970","C:\Users\??\Desktop\???????\framer-assets\images\dc0ecb6b6edcd03cb86a6de61a4dee8a1c512aff.png"
"images","https://framerusercontent.com/images/xbcxmGFsHEa3DxOblRcHfzJKf9o.png?width=1094&height=970","C:\Users\??\Desktop\???????\framer-assets\images\0f6ee6283100bbd556c10dbf388819d49cc8a28f.png"
"images","https://framerusercontent.com/images/XMNAzbifX9FOsnqLvQEIupV2FE.png?scale-down-to=1024&width=1845&height=482","C:\Users\??\Desktop\???????\framer-assets\images\c19ec167d2194af41b74390b4586f5057064b557.png"
"images","https://framerusercontent.com/images/XMNAzbifX9FOsnqLvQEIupV2FE.png?scale-down-to=512&width=1845&height=482","C:\Users\??\Desktop\???????\framer-assets\images\805c958057ae42dc9d6400f4f4ac6e864716062d.png"
"images","https://framerusercontent.com/images/XMNAzbifX9FOsnqLvQEIupV2FE.png?width=1845&height=482","C:\Users\??\Desktop\???????\framer-assets\images\b47f3558c752715ea7a91e80269a0d6bf96c5474.png"
"images","https://framerusercontent.com/images/XOUSfCVPUU0EOinW0V1JJG5picI.png?scale-down-to=1024&width=1920&height=683","C:\Users\??\Desktop\???????\framer-assets\images\11792f48f66bb7ab468377cc0bbdcaef27c49e81.png"
"images","https://framerusercontent.com/images/XOUSfCVPUU0EOinW0V1JJG5picI.png?scale-down-to=512&width=1920&height=683","C:\Users\??\Desktop\???????\framer-assets\images\74d7a4d6455eabd7bab0418f64dd4c7a06edecd9.png"
"images","https://framerusercontent.com/images/XOUSfCVPUU0EOinW0V1JJG5picI.png?width=1920&height=683","C:\Users\??\Desktop\???????\framer-assets\images\a1efc52464eee560c0e2c8838d623c86c5ab255e.png"
"images","https://framerusercontent.com/images/XV33rpN2Ub1MhTbAfl6QSd34AEs.png?width=260&height=534","C:\Users\??\Desktop\???????\framer-assets\images\1c45a93dc700809867df9558a072c86553b979e0.png"
"images","https://framerusercontent.com/images/XwSlB86bw28y9BfvjqD82xcZVs.png?scale-down-to=1024&width=1687&height=1025","C:\Users\??\Desktop\???????\framer-assets\images\1ceffd6f1330914f48d1b3df1a887108020dd5a3.png"
"images","https://framerusercontent.com/images/XwSlB86bw28y9BfvjqD82xcZVs.png?scale-down-to=512&width=1687&height=1025","C:\Users\??\Desktop\???????\framer-assets\images\d7db406711f941d243aa153119249e6205b4c342.png"
"images","https://framerusercontent.com/images/XwSlB86bw28y9BfvjqD82xcZVs.png?width=1687&height=1025","C:\Users\??\Desktop\???????\framer-assets\images\dd441c49ef8f31783be5a08ae231e918c59a9dc9.png"
"images","https://framerusercontent.com/images/Y4rHvsXHzLE1zAQlg5cM4AF7t2Q.png?scale-down-to=512&width=800&height=582","C:\Users\??\Desktop\???????\framer-assets\images\58f9a3e70689ddd20c4bd05f83c0fab442a863d2.png"
"images","https://framerusercontent.com/images/Y4rHvsXHzLE1zAQlg5cM4AF7t2Q.png?width=800&height=582","C:\Users\??\Desktop\???????\framer-assets\images\b3e1d63092bf3773c3bf3f1fae37215c0dd2bb7b.png"
"images","https://framerusercontent.com/images/ylS3QTcqrRTtUP5p6MVSaMgbwDA.png?width=390&height=801","C:\Users\??\Desktop\???????\framer-assets\images\f89101c55f4503a4337f4b8f7a2c481654b30c14.png"
"images","https://framerusercontent.com/images/YNdVuX9UlZVECfU4cFJDaAyk.png?scale-down-to=1024&width=2400&height=1566","C:\Users\??\Desktop\???????\framer-assets\images\e3f2cd784c82af99ec42ae8d3541df6876813b20.png"
"images","https://framerusercontent.com/images/YNdVuX9UlZVECfU4cFJDaAyk.png?scale-down-to=2048&width=2400&height=1566","C:\Users\??\Desktop\???????\framer-assets\images\7a81b3b03315916bc53de5e5b276831d717d036f.png"
"images","https://framerusercontent.com/images/YNdVuX9UlZVECfU4cFJDaAyk.png?scale-down-to=512&width=2400&height=1566","C:\Users\??\Desktop\???????\framer-assets\images\0603fb1cf9e943fa2a68b519e0263b7ff7ce6df5.png"
"images","https://framerusercontent.com/images/YNdVuX9UlZVECfU4cFJDaAyk.png?width=2400&height=1566","C:\Users\??\Desktop\???????\framer-assets\images\fd71e76a73abebccc46f8be4b45a7d8915f7e24d.png"
"images","https://framerusercontent.com/images/YPF5KWry2AH3sljR22Snii9Ks.png?scale-down-to=1024&width=1942&height=344","C:\Users\??\Desktop\???????\framer-assets\images\490875dfc97767a329c34e982f30a68041acfbaa.png"
"images","https://framerusercontent.com/images/YPF5KWry2AH3sljR22Snii9Ks.png?scale-down-to=512&width=1942&height=344","C:\Users\??\Desktop\???????\framer-assets\images\44084cf87476d79df14ae2116f0df07b0a7d98d6.png"
"images","https://framerusercontent.com/images/YPF5KWry2AH3sljR22Snii9Ks.png?width=1942&height=344","C:\Users\??\Desktop\???????\framer-assets\images\eb9b394fbfd2232fa0d631c69d819e743164a901.png"
"images","https://framerusercontent.com/images/YRhz0CCb7dcD88WCBRIYClrg.png?width=260&height=534","C:\Users\??\Desktop\???????\framer-assets\images\aa1a3d5c5444ce74851cc08b102945bf55a67e21.png"
"images","https://framerusercontent.com/images/Z8YaIRvWaNaRAuBbti7lMt6cBw0.jpg?scale-down-to=1024&width=4032&height=3024","C:\Users\??\Desktop\???????\framer-assets\images\20d80aa81829def24a500b160715fc77101f96f5.jpg"
"images","https://framerusercontent.com/images/Z8YaIRvWaNaRAuBbti7lMt6cBw0.jpg?scale-down-to=2048&width=4032&height=3024","C:\Users\??\Desktop\???????\framer-assets\images\ab5ecd6c90cf97f5cce88865d79d15ec6e0bf1d2.jpg"
"images","https://framerusercontent.com/images/Z8YaIRvWaNaRAuBbti7lMt6cBw0.jpg?scale-down-to=512&width=4032&height=3024","C:\Users\??\Desktop\???????\framer-assets\images\009047fdaa8102469f537e72f1a3838d703ea180.jpg"
"images","https://framerusercontent.com/images/Z8YaIRvWaNaRAuBbti7lMt6cBw0.jpg?width=4032&height=3024","C:\Users\??\Desktop\???????\framer-assets\images\d81794ee3278407bfe96e46213e1db3e173bc8f7.jpg"
"images","https://framerusercontent.com/images/ZcmEMAOtft4Q7qiIm1vdHsajVWk.png?scale-down-to=1024&width=5760&height=3240","C:\Users\??\Desktop\???????\framer-assets\images\cff3da307ee5b4963959fa2c9d45a9c148f4e006.png"
"images","https://framerusercontent.com/images/ZcmEMAOtft4Q7qiIm1vdHsajVWk.png?scale-down-to=2048&width=5760&height=3240","C:\Users\??\Desktop\???????\framer-assets\images\13fe69bc7b5caeef0b6d0ee1a0e4c66c4503a101.png"
"images","https://framerusercontent.com/images/ZcmEMAOtft4Q7qiIm1vdHsajVWk.png?scale-down-to=4096&width=5760&height=3240","C:\Users\??\Desktop\???????\framer-assets\images\096bf9a785cc3505d1cc0e141ed9c7dcdcacfe77.png"
"images","https://framerusercontent.com/images/ZcmEMAOtft4Q7qiIm1vdHsajVWk.png?scale-down-to=512&width=5760&height=3240","C:\Users\??\Desktop\???????\framer-assets\images\401d39dc7c72471cd29c14b17848e9869c60e148.png"
"images","https://framerusercontent.com/images/ZcmEMAOtft4Q7qiIm1vdHsajVWk.png?width=5760&height=3240","C:\Users\??\Desktop\???????\framer-assets\images\a24d5da4bb5ee86851c88fe6ceac10ef0c01e5ad.png"
"images","https://framerusercontent.com/images/zgWtHKFBJ2PvcMGHDHI7MRW1r8w.png?width=260&height=534","C:\Users\??\Desktop\???????\framer-assets\images\de5bc73904db121c089b15140b1f15ee9b2e2059.png"
"images","https://framerusercontent.com/images/zGYfe12xHS987SCsaQSHpgDts.png?scale-down-to=1024&width=1400&height=661","C:\Users\??\Desktop\???????\framer-assets\images\bacae1ca623c4074d8a83d422962f0cc3032bb2e.png"
"images","https://framerusercontent.com/images/zGYfe12xHS987SCsaQSHpgDts.png?scale-down-to=512&width=1400&height=661","C:\Users\??\Desktop\???????\framer-assets\images\a59115301647ebf1b42b757aae0c7931674238e1.png"
"images","https://framerusercontent.com/images/zGYfe12xHS987SCsaQSHpgDts.png?width=1400&height=661","C:\Users\??\Desktop\???????\framer-assets\images\0c4d57f9f7b2bd0585d9304ff82ad4664160d290.png"
"images","https://framerusercontent.com/images/ZLLv0EQYyxjfMIrzAyifE8SDZXA.png?scale-down-to=1024&width=3391&height=517","C:\Users\??\Desktop\???????\framer-assets\images\79a5c21028c2a2c47892159eb9502ff5d9a60a72.png"
"images","https://framerusercontent.com/images/ZLLv0EQYyxjfMIrzAyifE8SDZXA.png?scale-down-to=2048&width=3391&height=517","C:\Users\??\Desktop\???????\framer-assets\images\b7bc52604a16600320cec8859e3c854e684860cc.png"
"images","https://framerusercontent.com/images/ZLLv0EQYyxjfMIrzAyifE8SDZXA.png?scale-down-to=512&width=3391&height=517","C:\Users\??\Desktop\???????\framer-assets\images\37156f9e5bb31c413561411a7aaf9c1ca67d81e8.png"
"images","https://framerusercontent.com/images/ZLLv0EQYyxjfMIrzAyifE8SDZXA.png?width=3391&height=517","C:\Users\??\Desktop\???????\framer-assets\images\b20b93f0cad89301c7262d4330c7e81176dfb5c7.png"
"images","https://framerusercontent.com/images/ZpIiuZRvGFh7seD1kg4Q5Cr00M.png?scale-down-to=512&width=560&height=302","C:\Users\??\Desktop\???????\framer-assets\images\1a22f0a102ccd148df55dc7cfcd6929da46be540.png"
"images","https://framerusercontent.com/images/ZpIiuZRvGFh7seD1kg4Q5Cr00M.png?width=560&height=302","C:\Users\??\Desktop\???????\framer-assets\images\8a20674441c2b898970a4715a754956babc1861e.png"
"images","https://framerusercontent.com/sites/icons/default-favicon-dark.v1.png","C:\Users\??\Desktop\???????\framer-assets\images\d14de82b401707caaa6cfd7fd951d24e03da395d.png"
"images","https://framerusercontent.com/sites/icons/default-favicon-light.v1.png","C:\Users\??\Desktop\???????\framer-assets\images\e150697e0446768c15898c0d832b31ebadb64e27.png"
"images","https://framerusercontent.com/sites/icons/default-touch-icon.v3.png","C:\Users\??\Desktop\???????\framer-assets\images\e527f1b4a8e2131631b465712b2fb81b2c1fae10.png"
"video","https://framerusercontent.com/assets/waFYeaa1vxjeAeyOsVkQZ3UhOa0.mp4","C:\Users\??\Desktop\???????\framer-assets\video\fa2badcbe90cf612c452a22d6b3a312a823e36ca.mp4"
